title,when_,where,who,what,why,how,source_agent_report,location_name,latitude,longitude,category,data_of_information,hashtags
Kejari Tabanan Musnahkan BB 38 Perkara Termasuk Ganja 77 Kg,2026-10-07T11:01:43.000Z,"Kabupaten Tabanan, Bali, Indonesia","Kejari Tabanan Musnahkan BB 38 Perkara, Termasuk Ganja 7,7 Kg - detikcom","Kejaksaan Negeri (Kejari) Tabanan memusnahkan barang bukti dari 38 perkara tindak pidana umum yang telah berkekuatan hukum tetap, Rabu (7/10/2026). Barang bukti yang dimusnahkan didominasi perkara narkotika, termasuk 7.719,61 gram ganja, 65,02 gram sabu, 12 butir ekstasi, serta 9.457 butir obat berbahaya.","Pemusnahan berlangsung di halaman Kantor Kejari Tabanan dengan melibatkan unsur Forum Koordinasi Pimpinan Daerah (Forkopimda), serta dihadiri guru dan siswa dari SMA Negeri 1 Kediri, SMP Negeri 1 Kediri, dan SMP Negeri 1 Tabanan. SCROLL TO CONTINUE WITH CONTENT

Kepala Seksi Pemulihan Aset dan Pengelolaan Barang Bukti Kejari Tabanan, Putu Iskadi Kekeran mengatakan dari total 38 perkara tersebut, sebanyak 25 perkara merupakan kasus narkotika dan tindak pidana farmasi.","Pada Hari Rabu , 7 Oktober 2026 11:01, Tabanan, Tabanan, Bali

Kejaksaan Negeri (Kejari) Tabanan memusnahkan barang bukti dari 38 perkara tindak pidana umum yang telah berkekuatan hukum tetap, Rabu (7/10/2026). Barang bukti yang dimusnahkan didominasi perkara narkotika, termasuk 7.719,61 gram ganja, 65,02 gram sabu, 12 butir ekstasi, serta 9.457 butir obat berbahaya.

Pemusnahan berlangsung di halaman Kantor Kejari Tabanan dengan melibatkan unsur Forum Koordinasi Pimpinan Daerah (Forkopimda), serta dihadiri guru dan siswa dari SMA Negeri 1 Kediri, SMP Negeri 1 Kediri, dan SMP Negeri 1 Tabanan.

SCROLL TO CONTINUE WITH CONTENT

Kepala Seksi Pemulihan Aset dan Pengelolaan Barang Bukti Kejari Tabanan, Putu Iskadi Kekeran mengatakan dari total 38 perkara tersebut, sebanyak 25 perkara merupakan kasus narkotika dan tindak pidana farmasi.

Perinciannya, dua perkara ganja dengan total berat 7.719,61 gram, 22 perkara sabu dengan berat keseluruhan 65,02 gram, serta barang bukti 12 butir ekstasi dengan berat 6,25 gram.

ADVERTISEMENT

""Selain itu, terdapat satu perkara tindak pidana farmasi dengan barang bukti 9.457 butir tablet berwarna putih berlogo Y yang masuk kategori obat berbahaya,"" jelas Iskadi.

Dia membeberkan selain perkara narkotika dan farmasi, barang bukti dari tujuh perkara pencurian turut dimusnahkan berupa alat yang digunakan untuk melakukan kejahatan. Kemudian, tiga perkara kekerasan seksual dengan barang bukti berupa alat kontrasepsi dan pakaian.

Pemusnahan juga mencakup barang bukti perkara penipuan dan penggelapan berupa telepon genggam serta mesin penghitung uang, dan perkara pelanggaran karantina hewan berupa sarana yang digunakan untuk melakukan kejahatan.

""Sementara itu, bangkai hewan dalam perkara karantina tersebut telah dimusnahkan pada tahap penyidikan karena hewan telah mati,"" jelasnya.

Iskadi menjelaskan pemusnahan dilakukan untuk melaksanakan putusan pengadilan yang telah berkekuatan hukum tetap (inkrah), mencegah penumpukan barang bukti di kantor kejaksaan, serta menghindari risiko kehilangan maupun penyalahgunaan oleh pihak yang tidak bertanggung jawab.

Dalam pelaksanaannya, barang bukti narkotika dan obat-obatan terlarang dihancurkan menggunakan blender, kemudian dicampur air dan deterjen sebelum dibuang agar tidak dapat digunakan kembali. Sementara barang bukti lainnya dihancurkan menggunakan alat penghancur.

Pemusnahan tersebut merupakan bagian dari pelaksanaan tugas dan kewenangan kejaksaan dalam menindaklanjuti putusan pengadilan yang telah berkekuatan hukum tetap, sebagaimana diatur dalam ketentuan perundang-undangan.",detikcom,"Dajan Peken, 82114, Tabanan, Tabanan, Bali, Indonesia",-8.536609490935,115.13552944186335,5,"2, 7","kejaksaan, kejatibali, kejaritabanan, tabanan, news"
2000 Meter Persegi Tanah Rampasan Negara Dihibahkan ke Pemkab Tabanan,2026-10-07T09:54:41.000Z,"Kabupaten Tabanan, Bali, Indonesia",2.000 Meter Persegi Tanah Rampasan Negara Dihibahkan ke Pemkab Tabanan - IDN Times Bali,"Tabanan, IDN Times - Pemerintah Kabupaten Tabanan resmi menerima hibah Barang Milik Negara (BMN) berupa aset tanah seluas 2.000 meter persegi yang berlokasi di Desa Marga. Penyerahan aset eks barang rampasan negara dari Komisi Pemberantasan Korupsi (KPK) RI ini diterima langsung oleh Bupati Tabanan, I Komang Gede Sanjaya, di Graha Sewaka Dharma Gedung Pelayanan Publik Pemkot Denpasar, Selasa (6/10/2026).","Sanjaya menegaskan, penyerahan aset tanah di Desa Marga tersebut menjadi bukti nyata sinergi antara lembaga penegak hukum dan pemerintah daerah dalam memanfaatkan barang rampasan negara agar berdaya guna bagi publik. Menurutnya, tanah hibah di Desa Marga ini akan difokuskan untuk mendukung sektor unggulan daerah.","Pada Hari Rabu , 7 Oktober 2026 09:54, Tabanan, Tabanan, Bali

Tabanan, IDN Times - Pemerintah Kabupaten Tabanan resmi menerima hibah Barang Milik Negara (BMN) berupa aset tanah seluas 2.000 meter persegi yang berlokasi di Desa Marga. Penyerahan aset eks barang rampasan negara dari Komisi Pemberantasan Korupsi (KPK) RI ini diterima langsung oleh Bupati Tabanan, I Komang Gede Sanjaya, di Graha Sewaka Dharma Gedung Pelayanan Publik Pemkot Denpasar, Selasa (6/10/2026).

Sanjaya menegaskan, penyerahan aset tanah di Desa Marga tersebut menjadi bukti nyata sinergi antara lembaga penegak hukum dan pemerintah daerah dalam memanfaatkan barang rampasan negara agar berdaya guna bagi publik. Menurutnya, tanah hibah di Desa Marga ini akan difokuskan untuk mendukung sektor unggulan daerah.

""Mengingat potensi besar Tabanan di bidang agraris, lahan tersebut berpeluang kuat untuk dikembangkan sebagai kawasan penguatan sektor pertanian guna memperkuat ketahanan dan produktivitas pangan daerah,"" ujarnya, Rabu (7/10/2026).",IDN Times Bali,"Dajan Peken, 82114, Tabanan, Tabanan, Bali, Indonesia",-8.536609490935,115.13552944186335,5,"2, 7","kejaksaan, kejatibali, kejaritabanan, tabanan, news"
Kapolsek Tabanan Hadiri Rakor Forum LLAJ Bahas Rekayasa Lalu Lintas di Jalan Melati dan Gajah Mada,2026-10-07T11:10:00.000Z,"Kabupaten Tabanan, Bali, Indonesia","Kapolsek Tabanan Hadiri Rakor Forum LLAJ, Bahas Rekayasa Lalu Lintas di Jalan Melati dan Gajah Mada - suryaindonesia.net","Tabanan, Surya Indonesia.net – 7 Oktober 2026 — Kapolsek Tabanan mewakili Kapolres Tabanan menghadiri Rapat Koordinasi Forum Lalu Lintas dan Angkutan Jalan (LLAJ) Kabupaten Tabanan yang dilaksanakan pada Rabu (7/10/2026) pukul 11.00 WITA. Kegiatan tersebut bertempat di Ruang Rapat Kantor Camat Kediri, Kabupaten Tabanan, dan diikuti oleh unsur terkait dalam Forum Lalu Lintas dan Angkutan Jalan Kabupaten Tabanan.","ADVERTISEMENT SCROLL TO RESUME CONTENT

Rapat koordinasi dilaksanakan dalam rangka membahas kondisi arus lalu lintas serta rencana rekayasa lalu lintas di kawasan Jalan Melati Tabanan. Selain itu, kegiatan juga bertujuan untuk menyamakan persepsi dan langkah penanganan terkait pengaturan arus lalu lintas di seputaran Jalan Gajah Mada Tabanan.","Pada Hari Rabu , 7 Oktober 2026 11:10, Tabanan, Tabanan, Bali

Tabanan, Surya Indonesia.net – 7 Oktober 2026 — Kapolsek Tabanan mewakili Kapolres Tabanan menghadiri Rapat Koordinasi Forum Lalu Lintas dan Angkutan Jalan (LLAJ) Kabupaten Tabanan yang dilaksanakan pada Rabu (7/10/2026) pukul 11.00 WITA.

Kegiatan tersebut bertempat di Ruang Rapat Kantor Camat Kediri, Kabupaten Tabanan, dan diikuti oleh unsur terkait dalam Forum Lalu Lintas dan Angkutan Jalan Kabupaten Tabanan.

ADVERTISEMENT SCROLL TO RESUME CONTENT

Rapat koordinasi dilaksanakan dalam rangka membahas kondisi arus lalu lintas serta rencana rekayasa lalu lintas di kawasan Jalan Melati Tabanan. Selain itu, kegiatan juga bertujuan untuk menyamakan persepsi dan langkah penanganan terkait pengaturan arus lalu lintas di seputaran Jalan Gajah Mada Tabanan.

Dalam rapat tersebut, masing-masing pihak menyampaikan pandangan dan masukan terkait pengaturan arus kendaraan, sehingga diharapkan dapat tercipta koordinasi yang baik antarinstansi dalam mendukung kelancaran, keamanan, dan ketertiban lalu lintas di wilayah Kabupaten Tabanan.

Seijin Kapolres Tabanan AKBP I Putu Bayu Pati, S. I. K., M. H., Kapolsek Tabanan Kompol I Made Berata. S.H.,M.H., mwngatakan kehadirannya ini merupakan bentuk dukungan Polri dalam upaya membangun koordinasi lintas sektoral, khususnya dalam menangani berbagai permasalahan lalu lintas serta mencari solusi yang dapat diterapkan demi kepentingan masyarakat pengguna jalan.

Melalui rapat koordinasi Forum LLAJ tersebut, diharapkan tercapai kesepahaman bersama mengenai langkah-langkah rekayasa dan pengaturan lalu lintas di Jalan Melati maupun kawasan Jalan Gajah Mada Tabanan, sehingga pelaksanaannya dapat berjalan secara terkoordinasi dan situasi lalu lintas tetap aman, lancar, dan tertib.

( red)",suryaindonesia.net,"Dajan Peken, 82114, Tabanan, Tabanan, Bali, Indonesia",-8.536609490935,115.13552944186335,5,"2, 7","kejaksaan, kejatibali, kejaritabanan, tabanan, news"
Kejari Tabanan Lakukan Pemusnahan Barang Bukti Kasus Narkotika,2026-10-07T09:08:27.000Z,"Kabupaten Tabanan, Bali, Indonesia",Kejari Tabanan Lakukan Pemusnahan Barang Bukti Kasus Narkotika - BALIPOST.com,"SINGASANA, BALIPOST.com – Kejaksaan Negeri Tabanan memusnahkan barang bukti dari 38 perkara tindak pidana umum yang telah berkekuatan hukum tetap (inkracht) pada Semester II Tahun 2026, Rabu (7/10). Dari jumlah tersebut, 25 perkara atau sebagian besar merupakan kasus narkotika.","Pemusnahan berlangsung di Kantor Kejaksaan Negeri Tabanan dan dihadiri Wakil Bupati Tabanan I Made Dirga yang mewakili Bupati Tabanan. Kegiatan tersebut turut disaksikan pelajar dan guru dari SMA Negeri 1 Kediri, SMP Negeri 1 Kediri, serta SMP Negeri 2 Tabanan.","Pada Hari Rabu , 7 Oktober 2026 09:08, Tabanan, Tabanan, Bali

SINGASANA, BALIPOST.com – Kejaksaan Negeri Tabanan memusnahkan barang bukti dari 38 perkara tindak pidana umum yang telah berkekuatan hukum tetap (inkracht) pada Semester II Tahun 2026, Rabu (7/10). Dari jumlah tersebut, 25 perkara atau sebagian besar merupakan kasus narkotika. Pemusnahan berlangsung di Kantor Kejaksaan Negeri Tabanan dan dihadiri Wakil Bupati Tabanan I Made Dirga yang mewakili Bupati Tabanan.

Kegiatan tersebut turut disaksikan pelajar dan guru dari SMA Negeri 1 Kediri, SMP Negeri 1 Kediri, serta SMP Negeri 2 Tabanan. Tujuannya, untuk memberikan edukasi langsung pada pelajar mengenai bahaya penyalahgunaan narkoba.

Kepala Kejaksaan Negeri Tabanan Medie, S.H., M.H., menjelaskan, dari 38 perkara yang barang buktinya dimusnahkan, selain 25 perkara narkotika, terdapat 7 perkara pencurian, 3 perkara kesusilaan, 2 perkara penipuan/penggelapan, dan 1 perkara karantina hewan. Menurut Medie, pemusnahan barang bukti merupakan bagian dari pelaksanaan putusan pengadilan yang telah berkekuatan hukum tetap. Langkah tersebut sekaligus untuk mencegah barang bukti kembali disalahgunakan.

“Pemusnahan barang bukti memiliki tujuan utama untuk memastikan barang rampasan atau bukti kejahatan dimusnahkan sehingga mengurangi terjadinya penyalahgunaan kembali, sehingga dapat mewujudkan akuntabilitas dan keterbukaan informasi kepada publik,” tegasnya.

Pelibatan pelajar dalam kegiatan tersebut, lanjut Medie, menjadi bagian dari edukasi hukum sekaligus tindak lanjut program Jaksa Masuk Sekolah. Ia berharap sinergi antara Kejaksaan Negeri Tabanan dan Pemkab Tabanan terus diperkuat sehingga penerangan hukum dan edukasi bahaya narkotika dapat menjangkau lebih banyak generasi muda.

Sementara itu Wabup Dirga yang juga Ketua BNK Tabanan mengingatkan para pelajar agar tidak mudah terpengaruh lingkungan maupun bujuk rayu untuk mencoba narkotika.

Menurutnya, masa remaja merupakan fase dengan rasa ingin tahu yang tinggi sehingga diperlukan pemahaman dan keberanian untuk menolak segala bentuk penyalahgunaan narkoba.

Ia juga meminta pelajar tidak menutup mata jika mengetahui adanya teman atau lingkungan yang terindikasi terlibat narkoba. Informasi tersebut, kata dia, dapat disampaikan kepada BNK Tabanan untuk ditindaklanjuti, termasuk melalui upaya rehabilitasi. “Kalau ada teman yang terindikasi terlibat narkoba, jangan didiamkan. Informasikan kepada BNK Tabanan karena kita juga memiliki upaya rehabilitasi,” ujarnya.

Dirga menegaskan, pencegahan penyalahgunaan narkotika membutuhkan keterlibatan bersama antara pelajar, sekolah, pemerintah, BNK, dan aparat penegak hukum. Karena itu, BNK Tabanan bersama lembaga terkait terus melakukan sosialisasi ke sekolah-sekolah di seluruh Kabupaten Tabanan. “Kami mohon kerja samanya, jangan sampai memakai dan jangan ragu menginformasikan jika ada hal-hal yang berkaitan dengan narkoba. BNK Tabanan akan terus melakukan sosialisasi dan pencegahan di sekolah-sekolah di seluruh Tabanan,” katanya.(Puspawati/balipost)",BALIPOST.com,"Dajan Peken, 82114, Tabanan, Tabanan, Bali, Indonesia",-8.536609490935,115.13552944186335,5,"2, 7","kejaksaan, kejatibali, kejaritabanan, tabanan, news"
APBD 2027 Tabanan Tembus Rp215 Triliun Anggaran Diminta Tepat Sasaran,2026-10-07T11:53:49.000Z,"Kabupaten Tabanan, Bali, Indonesia","APBD 2027 Tabanan Tembus Rp2,15 Triliun, Anggaran Diminta Tepat Sasaran - bali prawara","TABANAN, – baliprawara.com

Pemerintah Kabupaten Tabanan merancang pendapatan daerah sebesar Rp2,15 triliun lebih dalam APBD Tahun Anggaran 2027. Pengelolaan anggaran tersebut ditekankan harus dilakukan secara efektif, efisien, transparan, dan akuntabel agar memberikan manfaat langsung bagi masyarakat.","Penegasan itu disampaikan Wakil Bupati Tabanan I Made Dirga saat mewakili Bupati Tabanan dalam Rapat Paripurna DPRD Kabupaten Tabanan dengan agenda penyampaian pidato pengantar Bupati terhadap Ranperda APBD Tahun Anggaran 2027, Rabu 7 Oktober 2026. Rapat dipimpin Ketua DPRD Tabanan I Nyoman Arnawa dan dihadiri jajaran anggota DPRD, Forkopimda, pimpinan perangkat daerah, unsur instansi vertikal serta undangan lainnya.","Pada Hari Rabu , 7 Oktober 2026 11:53, Tabanan, Tabanan, Bali

TABANAN, – baliprawara.com

Pemerintah Kabupaten Tabanan merancang pendapatan daerah sebesar Rp2,15 triliun lebih dalam APBD Tahun Anggaran 2027. Pengelolaan anggaran tersebut ditekankan harus dilakukan secara efektif, efisien, transparan, dan akuntabel agar memberikan manfaat langsung bagi masyarakat.

Penegasan itu disampaikan Wakil Bupati Tabanan I Made Dirga saat mewakili Bupati Tabanan dalam Rapat Paripurna DPRD Kabupaten Tabanan dengan agenda penyampaian pidato pengantar Bupati terhadap Ranperda APBD Tahun Anggaran 2027, Rabu 7 Oktober 2026.

Rapat dipimpin Ketua DPRD Tabanan I Nyoman Arnawa dan dihadiri jajaran anggota DPRD, Forkopimda, pimpinan perangkat daerah, unsur instansi vertikal serta undangan lainnya.

Dalam pidato pengantar tersebut, Dirga mengatakan Ranperda APBD 2027 disusun berdasarkan KUA dan PPAS yang telah disepakati bersama. Penyusunannya juga mempertimbangkan kemampuan keuangan daerah, prioritas pembangunan, serta kebutuhan masyarakat.

“Ranperda tentang APBD ini disusun dengan berpedoman pada KUA dan PPAS yang telah disepakati bersama, dengan memperhatikan kemampuan keuangan daerah, prioritas pembangunan, serta kebutuhan masyarakat Kabupaten Tabanan,” ujar Dirga.

Berdasarkan rancangan tersebut, pendapatan daerah Tabanan tahun 2027 diproyeksikan mencapai Rp2,150 triliun lebih. Angka itu terdiri atas Pendapatan Asli Daerah (PAD) sebesar Rp951,106 miliar lebih dan pendapatan transfer sebesar Rp1,199 triliun lebih.

Sementara itu, belanja daerah dirancang sebesar Rp2,132 triliun lebih. Belanja tersebut meliputi belanja operasi Rp1,745 triliun lebih, belanja modal Rp133,627 miliar lebih, belanja tidak terduga Rp10,808 miliar lebih, serta belanja transfer Rp242,157 miliar lebih.

Dirga menegaskan APBD bukan sekadar dokumen perencanaan keuangan daerah. Anggaran merupakan instrumen pemerintah untuk membiayai pembangunan dan pelayanan publik.

Karena itu, setiap rupiah anggaran harus dikelola secara cermat, tepat sasaran, efektif, efisien, serta dapat dipertanggungjawabkan.

“Kami sangat mengharapkan pandangan, masukan, saran dan koreksi konstruktif dari seluruh anggota dewan, sehingga Ranperda tentang APBD Tahun Anggaran 2027 dapat menjadi dokumen anggaran yang semakin berkualitas dan responsif terhadap kebutuhan masyarakat,” katanya.

Pembahasan Ranperda APBD 2027 selanjutnya diharapkan memperkuat sinergi antara pemerintah daerah dan DPRD. Dengan demikian, anggaran yang disepakati dapat mendukung pemberdayaan masyarakat, peningkatan pelayanan publik, serta keberlanjutan pembangunan di Kabupaten Tabanan.

Kebijakan tersebut juga diarahkan untuk mendukung visi Nangun Sat Kerthi Loka Bali melalui pola pembangunan semesta berencana dalam Bali Era Baru serta mewujudkan Tabanan Era Baru yang Aman, Unggul, dan Madani (AUM).(MBP/r)",bali prawara,"Dajan Peken, 82114, Tabanan, Tabanan, Bali, Indonesia",-8.536609490935,115.13552944186335,5,"2, 7","kejaksaan, kejatibali, kejaritabanan, tabanan, news"
Tanda Tangani Pernyataan Lapas Tabanan Tegaskan Komitmen Bebas Halinar,2026-10-07T10:12:00.000Z,"Kabupaten Tabanan, Bali, Indonesia","Tanda Tangani Pernyataan, Lapas Tabanan Tegaskan Komitmen Bebas Halinar - suryaindonesia.net","Tabanan, Surya Indonesia. Net – Jajaran Pejabat Struktural Lembaga Pemasyarakatan (Lapas) Kelas IIB Tabanan menandatangani surat pernyataan komitmen bebas telepon genggam dan narkoba di lingkungan Lapas Tabanan, Rabu (07/10).","Penandatanganan tersebut menjadi penegasan komitmen jajaran setelah berbagai upaya penertiban dilaksanakan secara berkelanjutan sebagai tindak lanjut 15 Program Aksi Kementerian Imigrasi dan Pemasyarakatan. Kegiatan disaksikan anggota Satuan Operasional Kepatuhan Internal Pemasyarakatan (Satops Patnal) Lapas Tabanan, Babinsa dan Bhabinkamtibmas Desa Dajan Peken Tabanan.","Pada Hari Rabu , 7 Oktober 2026 10:12, Tabanan, Tabanan, Bali

Tabanan, Surya Indonesia. Net – Jajaran Pejabat Struktural Lembaga Pemasyarakatan (Lapas) Kelas IIB Tabanan menandatangani surat pernyataan komitmen bebas telepon genggam dan narkoba di lingkungan Lapas Tabanan, Rabu (07/10). Penandatanganan tersebut menjadi penegasan komitmen jajaran setelah berbagai upaya penertiban dilaksanakan secara berkelanjutan sebagai tindak lanjut 15 Program Aksi Kementerian Imigrasi dan Pemasyarakatan.

Kegiatan disaksikan anggota Satuan Operasional Kepatuhan Internal Pemasyarakatan (Satops Patnal) Lapas Tabanan, Babinsa dan Bhabinkamtibmas Desa Dajan Peken Tabanan. Kehadiran unsur pengamanan tersebut turut memperkuat sinergi dalam menjaga keamanan dan ketertiban di lingkungan Lapas.

ADVERTISEMENT SCROLL TO RESUME CONTENT

Kepala Lapas Tabanan, Basuki Raharjo, menyampaikan bahwa penandatanganan surat pernyataan merupakan bentuk komitmen bersama seluruh jajaran untuk memastikan Lapas Tabanan terbebas dari peredaran barang terlarang dan ilegal. Komitmen tersebut diwujudkan melalui langkah pengawasan dan penertiban yang dilakukan secara berkelanjutan.

“Komitmen ini kami tegaskan bersama untuk memastikan Lapas Tabanan bebas dari peredaran barang-barang terlarang maupun ilegal. Upaya tersebut dilakukan melalui razia dan tes urine secara berkala, peningkatan kewaspadaan, serta pengawasan terhadap petugas, pengunjung, barang, kendaraan, dan seluruh akses keluar masuk Lapas,” tegas Basuki.

Sejalan dengan komitmen tersebut, Babinsa Desa Dajan Peken, Gede Suantara, menegaskan kesiapan personel TNI untuk mendukung pelaksanaan kegiatan Lapas, khususnya dalam menjaga stabilitas keamanan dan ketertiban. “Kami siap membantu setiap pelaksanaan kegiatan Lapas, terutama dalam menjaga keamanan dan ketertiban agar kondisi Lapas Tabanan tetap terjaga sesuai dengan komitmen yang telah ditandatangani,” jelasnya.

Penandatanganan surat pernyataan menjadi bagian dari langkah berkelanjutan Lapas Tabanan dalam memperkuat pengawasan internal sekaligus menjaga lingkungan Lapas tetap aman dan tertib.

( red)",suryaindonesia.net,"Dajan Peken, 82114, Tabanan, Tabanan, Bali, Indonesia",-8.536609490935,115.13552944186335,5,"2, 7","kejaksaan, kejatibali, kejaritabanan, tabanan, news"
Kasus Dugaan Korupsi di Dinkes Tabanan Kejari Periksa 73 Saksi,2026-10-07T06:01:28.000Z,"Kabupaten Tabanan, Bali, Indonesia","Kasus Dugaan Korupsi di Dinkes Tabanan, Kejari Periksa 73 Saksi - BALIPOST.com","SINGASANA, BALIPOST.com – Penyidikan kasus dugaan penyimpangan pengelolaan anggaran belanja bahan bakar minyak (BBM), pelumas, serta makan dan minum pada Dinas Kesehatan (Dinkes) Kabupaten Tabanan tahun anggaran 2023-2025 terus bergulir. Hingga kini, penyidik Kejaksaan Negeri (Kejari) Tabanan telah memeriksa sebanyak 73 saksi dari berbagai pihak.","Kepala Seksi Intelijen (Kasi Intel) Kejari Tabanan, I Putu Nuriyanto, S.H., M.H., seizin Kepala Kejari Tabanan, menyampaikan, para saksi yang telah dimintai keterangan tersebut berasal dari internal Dinas Kesehatan maupun pihak penyedia. Selain pemeriksaan terhadap 73 saksi, penyidik juga masih mengagendakan pemanggilan kembali sejumlah saksi.","Pada Hari Rabu , 7 Oktober 2026 06:01, Tabanan, Tabanan, Bali

SINGASANA, BALIPOST.com – Penyidikan kasus dugaan penyimpangan pengelolaan anggaran belanja bahan bakar minyak (BBM), pelumas, serta makan dan minum pada Dinas Kesehatan (Dinkes) Kabupaten Tabanan tahun anggaran 2023-2025 terus bergulir. Hingga kini, penyidik Kejaksaan Negeri (Kejari) Tabanan telah memeriksa sebanyak 73 saksi dari berbagai pihak.

Kepala Seksi Intelijen (Kasi Intel) Kejari Tabanan, I Putu Nuriyanto, S.H., M.H., seizin Kepala Kejari Tabanan, menyampaikan, para saksi yang telah dimintai keterangan tersebut berasal dari internal Dinas Kesehatan maupun pihak penyedia.

Selain pemeriksaan terhadap 73 saksi, penyidik juga masih mengagendakan pemanggilan kembali sejumlah saksi. Mereka diundang kembali karena keterangan yang diberikan sebelumnya dinilai masih perlu dilengkapi untuk memperjelas rangkaian fakta dalam perkara tersebut.

“Untuk saksi yang keterangannya belum lengkap diundang kembali oleh penyidik,” ujarnya, Rabu (7/10).

Dari rangkaian penyidikan yang telah dilakukan, penyidik sejauh ini menyatakan telah menemukan adanya perbuatan material yang mengarah pada dugaan timbulnya kerugian negara. Namun, angka pasti kerugian negara hingga saat ini belum ditetapkan.

Penyidik masih mengumpulkan dan mematangkan berbagai fakta yang nantinya menjadi dasar untuk berkoordinasi dengan pihak yang memiliki kewenangan dan kompetensi dalam melakukan penghitungan kerugian negara.

“Secara material tindak pidana itu ada. Saat ini penyidik juga masih mengumpulkan fakta-fakta yang akan dijadikan dasar untuk melakukan koordinasi dalam rangka perhitungan kerugian negara,” jelasnya.

Tahapan tersebut rencananya akan berlanjut pada pekan depan. Fakta-fakta yang telah dikumpulkan penyidik akan dikoordinasikan untuk memperoleh penghitungan kerugian negara dari pihak yang berkompeten dalam melakukan proses tersebut.

Disinggung terkait kemungkinan penetapan tersangka, lanjut dikatakannya penyidik masih mengikuti mekanisme dan kewenangan yang berlaku. Penetapan pihak yang nantinya dimintai pertanggungjawaban pidana akan ditentukan berdasarkan hasil penyidikan dan alat bukti yang diperoleh.

“Untuk calon tersangka sesuai kewenangan penyidik, proses penetapan tersangka ditentukan sesuai mekanisme. Kami juga masih menunggu proses perhitungan kerugian negara,” tegasnya.

Penyidik juga masih mendalami apakah penetapan pihak yang bertanggung jawab dapat dilakukan setelah ditemukan perbuatan material atau harus menunggu proses penghitungan kerugian negara selesai. Tahapan tersebut akan menjadi bagian dari proses ekspose dan evaluasi penyidikan sebelum menentukan langkah hukum selanjutnya.

Sekedar mengingatkan, kasus ini berkaitan dengan dugaan penyimpangan dalam pengelolaan anggaran BBM, pelumas, serta belanja makan dan minum pada Dinas Kesehatan Kabupaten Tabanan selama periode 2023-2025.

Penyidik Kejari Tabanan sebelumnya telah melakukan serangkaian tindakan penyidikan, termasuk pemeriksaan saksi dan pengumpulan dokumen serta barang bukti untuk mengungkap dugaan penyimpangan dalam pengelolaan anggaran tersebut. (Puspawati/balipost)",BALIPOST.com,"Dajan Peken, 82114, Tabanan, Tabanan, Bali, Indonesia",-8.536609490935,115.13552944186335,5,"2, 7","kejaksaan, kejatibali, kejaritabanan, tabanan, news"
Dugaan Korupsi di Dinkes Tabanan Kejari Temukan Indikasi Kerugian Negara,2026-10-07T04:23:30.000Z,"Kabupaten Tabanan, Bali, Indonesia","Dugaan Korupsi di Dinkes Tabanan, Kejari Temukan Indikasi Kerugian Negara - detikcom","Kejaksaan Negeri (Kejari) Tabanan belum menetapkan tersangka dalam kasus dugaan korupsi pengadaan bahan bakar minyak (BBM), pelumas, serta makan dan minum di Dinas Kesehatan (Dinkes) Kabupaten Tabanan tahun anggaran 2023-2025. Meski demikian, penyidik telah menemukan perbuatan materiil yang mengarah pada indikasi kerugian negara.","Kasi Intel Kejari Tabanan I Putu Nuriyanto mengungkapkan penyidik masih mengumpulkan fakta-fakta sebagai dasar penghitungan kerugian keuangan negara (PKN) dalam perkara tersebut. Sejauh ini, penyidik sudah memeriksa sebanyak 73 saksi.","Pada Hari Rabu , 7 Oktober 2026 04:23, Tabanan, Tabanan, Bali

Kejaksaan Negeri (Kejari) Tabanan belum menetapkan tersangka dalam kasus dugaan korupsi pengadaan bahan bakar minyak (BBM), pelumas, serta makan dan minum di Dinas Kesehatan (Dinkes) Kabupaten Tabanan tahun anggaran 2023-2025. Meski demikian, penyidik telah menemukan perbuatan materiil yang mengarah pada indikasi kerugian negara.

Kasi Intel Kejari Tabanan I Putu Nuriyanto mengungkapkan penyidik masih mengumpulkan fakta-fakta sebagai dasar penghitungan kerugian keuangan negara (PKN) dalam perkara tersebut. Sejauh ini, penyidik sudah memeriksa sebanyak 73 saksi.

SCROLL TO CONTINUE WITH CONTENT

""Dari 73 saksi yang sudah diperiksa, penyidik sampai saat ini sudah menemukan perbuatan materiil atas dugaan penyidikan yang dilakukan,"" ujar Nuriyanto saat ditemui seusai Rapat Paripurna di Gedung DPRD Tabanan, Rabu (7/10/2026).

Hingga saat ini, proses penghitungan kerugian negara dalam dugaan korupsi di Dinkes Tabanan belum dilakukan. Nuriyanto menegaskan penyidik selanjutnya akan berkoordinasi dengan pihak yang memiliki kewenangan dan kompetensi dalam menghitung kerugian keuangan negara tersebut.

ADVERTISEMENT

Di sisi lain, Nuriyanto mengatakan penetapan calon tersangka dalam perkara itu masih menunggu perkembangan penyidikan. Menurutnya, penetapan tersangka juga akan diawali dengan gelar perkara.

Penyidik, dia berujar, juga masih mempertimbangkan langkah teknis untuk mempercepat proses penetapan tersangka. Kejari Tabanan sebelumnya menyebut kisaran awal potensi kerugian negara terkait dugaan korupsi di Dinkes Tabanan sekitar Rp300 juta.

""Untuk calon tersangka, proses penetapannya melalui mekanisme gelar ekspose dan sebagainya. Tentu sambil menunggu proses penghitungan kerugian keuangan negara,"" kata Nuriyanto.

""Sekarang kami belum bisa sampaikan potensi riil kerugian, namun ada potensi bertambah sebelum selesainya proses penghitungan kerugian keuangan negara,"" pungkasnya.",detikcom,"Dajan Peken, 82114, Tabanan, Tabanan, Bali, Indonesia",-8.536609490935,115.13552944186335,5,"2, 7","kejaksaan, kejatibali, kejaritabanan, tabanan, news"
Satpolairud Polres Tabanan Intensifkan Patroli Pesisir Wisatawan di Pantai Nyanyi Merasa Aman,2026-10-07T09:55:00.000Z,"Kabupaten Tabanan, Bali, Indonesia","Satpolairud Polres Tabanan Intensifkan Patroli Pesisir, Wisatawan di Pantai Nyanyi Merasa Aman - https://suryaindonesia.net/","Tabanan, Surya Indonesia.net – Satuan Polairud Polres Tabanan terus mengintensifkan patroli pesisir sebagai upaya menjaga keamanan dan kenyamanan masyarakat maupun wisatawan yang beraktivitas di kawasan pantai. Kegiatan patroli jalan kaki dan sambang pesisir dilaksanakan di Pantai Nyanyi, Kecamatan Kediri, Kabupaten Tabanan, Rabu (7/10/2026) pukul 10.00 Wita, dengan melibatkan personel Satpolairud Polres Tabanan.","Dalam kegiatan tersebut, personel menyusuri kawasan pesisir sambil memantau aktivitas masyarakat dan wisatawan mancanegara yang menikmati olahraga surfing. Kehadiran polisi di tengah aktivitas wisatawan diharapkan dapat memberikan rasa aman sekaligus mencegah potensi gangguan keamanan dan ketertiban masyarakat (kamtibmas) di kawasan objek wisata pesisir.","Pada Hari Rabu , 7 Oktober 2026 09:55, Tabanan, Tabanan, Bali

Tabanan, Surya Indonesia.net – Satuan Polairud Polres Tabanan terus mengintensifkan patroli pesisir sebagai upaya menjaga keamanan dan kenyamanan masyarakat maupun wisatawan yang beraktivitas di kawasan pantai. Kegiatan patroli jalan kaki dan sambang pesisir dilaksanakan di Pantai Nyanyi, Kecamatan Kediri, Kabupaten Tabanan, Rabu (7/10/2026) pukul 10.00 Wita, dengan melibatkan personel Satpolairud Polres Tabanan.

Dalam kegiatan tersebut, personel menyusuri kawasan pesisir sambil memantau aktivitas masyarakat dan wisatawan mancanegara yang menikmati olahraga surfing. Kehadiran polisi di tengah aktivitas wisatawan diharapkan dapat memberikan rasa aman sekaligus mencegah potensi gangguan keamanan dan ketertiban masyarakat (kamtibmas) di kawasan objek wisata pesisir.

ADVERTISEMENT SCROLL TO RESUME CONTENT

Personel Satpolairud juga menyampaikan imbauan kepada para pengunjung agar selalu berhati-hati terhadap perubahan kondisi air laut yang sewaktu-waktu dapat pasang maupun surut. Selain itu, wisatawan dan masyarakat diajak bersama-sama menjaga kebersihan lingkungan pantai serta diperkenalkan dengan layanan Call Center 110 Polri yang dapat dimanfaatkan untuk mendapatkan pelayanan maupun melaporkan gangguan kamtibmas.

Seizin Kapolres Tabanan AKBP I Putu Bayu Pati, S.I.K., M.H., melalui Kasat Polairud Polres Tabanan AKP I Putu Sartika, S.H., M.H. menegaskan” Patroli pesisir dan dialogis tersebut akan terus diintensifkan sebagai bentuk pelayanan Polri yang humanis sekaligus upaya menciptakan situasi harkamtibmas yang aman dan kondusif di wilayah pesisir Tabanan. Dengan cuaca cerah, air laut mulai pasang dan angin bertiup landai, seluruh rangkaian kegiatan patroli di Pantai Nyanyi berlangsung tertib, aman, dan lancar.

( red)",https://suryaindonesia.net/,"Dajan Peken, 82114, Tabanan, Tabanan, Bali, Indonesia",-8.536609490935,115.13552944186335,5,"2, 7","kejaksaan, kejatibali, kejaritabanan, tabanan, news"
Komitmen Ditegaskan Lapas Tabanan Lakukan Razia dan Tes Urine,2026-10-07T10:09:00.000Z,"Kabupaten Tabanan, Bali, Indonesia","Komitmen Ditegaskan, Lapas Tabanan Lakukan Razia dan Tes Urine - suryaindonesia.net","Tabanan, Surya Indonesia. Net – Lembaga Pemasyarakatan (Lapas) Kelas IIB Tabanan menindaklanjuti penegasan komitmen bebas telepon genggam dan narkoba dengan melaksanakan razia blok hunian serta tes urine bagi Warga Binaan, Rabu (07/10).",Kegiatan tersebut melibatkan unsur pengamanan eksternal sebagai bagian dari pengawasan untuk memastikan kondisi keamanan dan ketertiban di lingkungan Lapas tetap terjaga. Razia dilaksanakan di blok hunian dengan melibatkan Babinsa dan Bhabinkamtibmas Desa Dajan Peken.,"Pada Hari Rabu , 7 Oktober 2026 10:09, Tabanan, Tabanan, Bali

Tabanan, Surya Indonesia. Net – Lembaga Pemasyarakatan (Lapas) Kelas IIB Tabanan menindaklanjuti penegasan komitmen bebas telepon genggam dan narkoba dengan melaksanakan razia blok hunian serta tes urine bagi Warga Binaan, Rabu (07/10). Kegiatan tersebut melibatkan unsur pengamanan eksternal sebagai bagian dari pengawasan untuk memastikan kondisi keamanan dan ketertiban di lingkungan Lapas tetap terjaga.

Razia dilaksanakan di blok hunian dengan melibatkan Babinsa dan Bhabinkamtibmas Desa Dajan Peken. Dari pemeriksaan yang dilakukan, tidak ditemukan barang terlarang sehingga hasil razia dinyatakan nihil. Pada waktu yang sama, sebanyak 10 Warga Binaan menjalani pemeriksaan urine di Klinik Lapas Tabanan dengan hasil seluruhnya negatif.

ADVERTISEMENT SCROLL TO RESUME CONTENT

Kepala Lapas Tabanan, Basuki Raharjo, menyampaikan bahwa pelaksanaan razia dan tes urine menjadi tindak lanjut dari komitmen yang sebelumnya telah ditegaskan jajaran Lapas Tabanan.

“Komitmen bebas telepon genggam dan narkoba tidak cukup hanya dinyatakan, tetapi harus diwujudkan melalui langkah pengawasan yang nyata dan berkelanjutan. Razia dan tes urine menjadi bagian dari upaya kami untuk memastikan kondisi Lapas tetap aman dan terbebas dari barang terlarang,” ujar Basuki.

Turut mengikuti pelaksanaan razia, Bhabinkamtibmas Desa Dajan Peken, Arya Bagus Sugiartha, menyampaikan bahwa keterlibatan unsur kepolisian merupakan bentuk dukungan terhadap upaya menjaga keamanan di lingkungan Lapas. “Kami siap mendukung kegiatan pengamanan yang dilaksanakan Lapas, termasuk razia, sebagai bagian dari sinergi untuk menjaga situasi tetap aman dan kondusif,” jelasnya.

( red)",suryaindonesia.net,"Dajan Peken, 82114, Tabanan, Tabanan, Bali, Indonesia",-8.536609490935,115.13552944186335,5,"2, 7","kejaksaan, kejatibali, kejaritabanan, tabanan, news"
Pemkab Tabanan Tegaskan Anggaran Harus Dikelola Efektif dan Akuntabel,2026-10-07T06:18:31.000Z,"Kabupaten Tabanan, Bali, Indonesia",Pemkab Tabanan Tegaskan Anggaran Harus Dikelola Efektif dan Akuntabel - BaliNews.id,"TABANAN, BALINEWS - Komitmen Pemerintah Kabupaten Tabanan dalam mewujudkan pengelolaan keuangan daerah yang transparan, efektif, efisien, dan akuntabel kembali ditegaskan melalui Rapat Paripurna DPRD Kabupaten Tabanan. Wakil Bupati Tabanan, I Made Dirga, menyampaikan Pidato Pengantar Bupati Tabanan dalam rangka penyampaian Rancangan Peraturan Daerah (Ranperda) tentang Anggaran Pendapatan dan Belanja Daerah (APBD) Kabupaten Tabanan Tahun Anggaran 2027, berlangsung di Ruang Rapat DPRD Kabupaten Tabanan, Rabu (7/10/2026)

Rapat tersebut dipimpin Ketua DPRD Kabupaten Tabanan, I Nyoman Arnawa, serta diikuti jajaran Anggota DPRD Kabupaten Tabanan, unsur Forkopimda Kabupaten Tabanan, para Asisten Setda, pimpinan perangkat daerah di lingkungan Pemerintah Kabupaten Tabanan, pimpinan instansi vertikal, serta undangan terkait lainnya.","Dalam sambutan Bupati Tabanan disampaikan Wabup Dirga, ditegaskan bahwa penyampaian Ranperda tentang APBD Tahun Anggaran 2027 merupakan bagian dari kewajiban konstitusional sekaligus wujud komitmen pemerintah daerah dalam mewujudkan pengelolaan keuangan daerah yang transparan, efektif, efisien, dan akuntabel. “Ranperda tentang APBD ini disusun dengan berpedoman pada KUA dan PPAS yang telah disepakati bersama, dengan memperhatikan kemampuan keuangan daerah, prioritas pembangunan, serta kebutuhan masyarakat Kabupaten Tabanan,"" jelasnya.","Pada Hari Rabu , 7 Oktober 2026 06:18, Tabanan, Tabanan, Bali

TABANAN, BALINEWS - Komitmen Pemerintah Kabupaten Tabanan dalam mewujudkan pengelolaan keuangan daerah yang transparan, efektif, efisien, dan akuntabel kembali ditegaskan melalui Rapat Paripurna DPRD Kabupaten Tabanan.

Wakil Bupati Tabanan, I Made Dirga, menyampaikan Pidato Pengantar Bupati Tabanan dalam rangka penyampaian Rancangan Peraturan Daerah (Ranperda) tentang Anggaran Pendapatan dan Belanja Daerah (APBD) Kabupaten Tabanan Tahun Anggaran 2027, berlangsung di Ruang Rapat DPRD Kabupaten Tabanan, Rabu (7/10/2026)

Rapat tersebut dipimpin Ketua DPRD Kabupaten Tabanan, I Nyoman Arnawa, serta diikuti jajaran Anggota DPRD Kabupaten Tabanan, unsur Forkopimda Kabupaten Tabanan, para Asisten Setda, pimpinan perangkat daerah di lingkungan Pemerintah Kabupaten Tabanan, pimpinan instansi vertikal, serta undangan terkait lainnya.

Dalam sambutan Bupati Tabanan disampaikan Wabup Dirga, ditegaskan bahwa penyampaian Ranperda tentang APBD Tahun Anggaran 2027 merupakan bagian dari kewajiban konstitusional sekaligus wujud komitmen pemerintah daerah dalam mewujudkan pengelolaan keuangan daerah yang transparan, efektif, efisien, dan akuntabel.

“Ranperda tentang APBD ini disusun dengan berpedoman pada KUA dan PPAS yang telah disepakati bersama, dengan memperhatikan kemampuan keuangan daerah, prioritas pembangunan, serta kebutuhan masyarakat Kabupaten Tabanan,"" jelasnya.

Lebih lanjut disampaikan, secara keseluruhan APBD Kabupaten Tabanan Tahun Anggaran 2027 direncanakan sebesar Rp2,150 triliun lebih.

Pendapatan daerah direncanakan sebesar Rp2,150 triliun lebih, yang terdiri atas Pendapatan Asli Daerah (PAD) sebesar Rp951,106 miliar lebih dan pendapatan transfer sebesar Rp1,199 triliun lebih.

Sementara itu, belanja daerah direncanakan sebesar Rp1,745 triliun lebih, yang terdiri atas belanja operasi sebesar Rp977,303 miliar lebih, belanja modal sebesar Rp133,627 miliar lebih, belanja tidak terduga sebesar Rp10,808 miliar lebih, serta belanja transfer sebesar Rp242,157 miliar lebih.

“Berdasarkan komposisi tersebut, terdapat surplus anggaran sebesar Rp18,231 miliar,” sebut Wabup Dirga.

Menurutnya juga, APBD tidak hanya menjadi dokumen perencanaan keuangan, tetapi merupakan komitmen pemerintah daerah dalam menghadirkan pembangunan dan pelayanan publik yang menyentuh langsung kehidupan masyarakat.

Karena itu, setiap rupiah anggaran harus dikelola secara cermat, tepat sasaran, efektif, efisien, serta dapat dipertanggungjawabkan.

“Untuk itu, kami sangat mengharapkan pandangan, masukan, saran dan koreksi konstruktif dari seluruh anggota dewan yang terhormat, sehingga Ranperda tentang APBD Tahun Anggaran 2027 dapat menjadi dokumen anggaran yang semakin berkualitas dan responsif terhadap kebutuhan masyarakat,” paparnya.

Melalui sinergi antara Pemerintah Kabupaten Tabanan dan DPRD, pembahasan Ranperda APBD Tahun Anggaran 2027 diharapkan dapat semakin memperkuat pemberdayaan masyarakat, meningkatkan kualitas pelayanan publik, serta mendukung keberlanjutan pembangunan daerah.

Hal tersebut menjadi bagian dari upaya mewujudkan visi Nangun Sat Kerthi Loka Bali melalui pola pembangunan semesta berencana dalam Bali Era Baru, sekaligus mewujudkan Tabanan Era Baru yang Aman, Unggul, dan Madani (AUM).(*)",BaliNews.id,"Dajan Peken, 82114, Tabanan, Tabanan, Bali, Indonesia",-8.536609490935,115.13552944186335,5,"2, 7","kejaksaan, kejatibali, kejaritabanan, tabanan, news"
Kapolres Tabanan Hadiri Pemusnahan Barang Bukti Inkracht Puluhan Kilogram Narkotika Dimusnahkan,2026-10-07T10:44:00.000Z,"Kabupaten Tabanan, Bali, Indonesia","Kapolres Tabanan Hadiri Pemusnahan Barang Bukti Inkracht, Puluhan Kilogram Narkotika Dimusnahkan - RADAR NUSANTARA NEWS","Polda Bali - Polres Tabanan - Humas Tabanan. Kapolres Tabanan AKBP I Putu Bayu Pati, S.I.K., M.H., menghadiri kegiatan pemusnahan barang bukti perkara tindak pidana umum yang telah berkekuatan hukum tetap (inkracht) Semester II Tahun 2026, bertempat di Kantor Kejaksaan Negeri Tabanan, Jalan Sudirman No.","5, Dajan Peken, Kecamatan Tabanan, Rabu (7/10/2026). Kegiatan yang berlangsung pukul 09.00 hingga 10.05 Wita tersebut turut dihadiri Wakil Bupati Tabanan I Made Dirga, S.Sos., Dandim 1619/Tabanan Letkol Inf.","Pada Hari Rabu , 7 Oktober 2026 10:44, Tabanan, Tabanan, Bali

Polda Bali - Polres Tabanan - Humas Tabanan. Kapolres Tabanan AKBP I Putu Bayu Pati, S.I.K., M.H., menghadiri kegiatan pemusnahan barang bukti perkara tindak pidana umum yang telah berkekuatan hukum tetap (inkracht) Semester II Tahun 2026, bertempat di Kantor Kejaksaan Negeri Tabanan, Jalan Sudirman No. 5, Dajan Peken, Kecamatan Tabanan, Rabu (7/10/2026). Kegiatan yang berlangsung pukul 09.00 hingga 10.05 Wita tersebut turut dihadiri Wakil Bupati Tabanan I Made Dirga, S.Sos., Dandim 1619/Tabanan Letkol Inf. Muhamad Arifianto, S.I.P., unsur Pengadilan Negeri Tabanan, DPRD, Kesbangpol, serta jajaran terkait.





Pemusnahan dilakukan terhadap barang bukti dari 38 perkara yang telah memperoleh kekuatan hukum tetap, terdiri dari 25 perkara narkotika, 7 perkara pencurian, 3 perkara asusila, 2 perkara penipuan/penggelapan, dan 1 perkara karantina hewan. Barang bukti yang dimusnahkan di antaranya sabu-sabu seberat 65,02 gram netto, 9.457 butir tablet putih berlogo Y, 12 butir ekstasi seberat 6,25 gram netto, ganja seberat 7.719,61 gram netto, serta berbagai barang bukti lainnya yang berkaitan dengan tindak pidana.





Kepala Kejaksaan Negeri Tabanan Medie, S.H., M.H., menyampaikan bahwa pemusnahan barang bukti merupakan bagian dari pelaksanaan putusan pengadilan sekaligus bentuk kepastian hukum dan akuntabilitas. Dominannya perkara narkotika menjadi perhatian bersama, sehingga kegiatan tersebut juga dimanfaatkan sebagai sarana edukasi dan pencegahan dini bagi para pelajar yang hadir mengenai bahaya narkotika dan obat-obatan terlarang.





Kapolres Tabanan turut mendukung sinergi aparat penegak hukum dalam memastikan barang bukti perkara yang telah berkekuatan hukum tetap tidak disalahgunakan kembali. Melalui kolaborasi dan edukasi kepada generasi muda, upaya pencegahan penyalahgunaan narkotika diharapkan semakin kuat demi menciptakan lingkungan masyarakat yang aman, sehat, dan kondusif. Seluruh rangkaian kegiatan berlangsung aman, tertib, dan lancar.





Humas Polres Tabanan.isk",RADAR NUSANTARA NEWS,"Dajan Peken, 82114, Tabanan, Tabanan, Bali, Indonesia",-8.536609490935,115.13552944186335,5,"2, 7","kejaksaan, kejatibali, kejaritabanan, tabanan, news"
Kasus Narkotika Jadi Perhatian di Tabanan Wabup Dirga Perkuat Edukasi Pencegahan di Sekolah,2026-10-07T08:14:18.000Z,"Kabupaten Tabanan, Bali, Indonesia","Kasus Narkotika Jadi Perhatian di Tabanan, Wabup Dirga Perkuat Edukasi Pencegahan di Sekolah - UPDATEBALI.com","UPDATEBALI.com, TABANAN – Sebanyak 38 perkara tindak pidana umum yang telah berkekuatan hukum tetap (inkracht) menjadi dasar pemusnahan barang bukti oleh Kejaksaan Negeri Tabanan pada Semester II Tahun 2026. Dari jumlah tersebut, 25 perkara merupakan tindak pidana narkotika.","Kegiatan yang berlangsung di Kantor Kejaksaan Negeri Tabanan, Rabu, 7 Oktober 2026, dihadiri Wakil Bupati Tabanan I Made Dirga yang mewakili Bupati Tabanan. Kegiatan tersebut juga disaksikan para pelajar sebagai bagian dari edukasi hukum dan upaya mencegah penyalahgunaan narkotika sejak dini.","Pada Hari Rabu , 7 Oktober 2026 08:14, Tabanan, Tabanan, Bali

UPDATEBALI.com, TABANAN – Sebanyak 38 perkara tindak pidana umum yang telah berkekuatan hukum tetap (inkracht) menjadi dasar pemusnahan barang bukti oleh Kejaksaan Negeri Tabanan pada Semester II Tahun 2026. Dari jumlah tersebut, 25 perkara merupakan tindak pidana narkotika.

Kegiatan yang berlangsung di Kantor Kejaksaan Negeri Tabanan, Rabu, 7 Oktober 2026, dihadiri Wakil Bupati Tabanan I Made Dirga yang mewakili Bupati Tabanan. Kegiatan tersebut juga disaksikan para pelajar sebagai bagian dari edukasi hukum dan upaya mencegah penyalahgunaan narkotika sejak dini.

Hadir dalam kegiatan tersebut Kapolres Tabanan, Wakil Ketua DPRD Kabupaten Tabanan, Ketua Pengadilan Negeri Tabanan yang diwakili Kasi Intel, Kepala Kejaksaan Negeri Tabanan, Dandim Distrik Militer 1619 Tabanan, serta Kepala Kesbangpol Kabupaten Tabanan. Para pelajar dan pendidik dari SMA Negeri 1 Kediri, SMP Negeri 1 Kediri, dan SMP Negeri 2 Tabanan juga turut mengikuti kegiatan.

Wabup Dirga yang juga menjabat sebagai Ketua BNK Tabanan mengingatkan para pelajar agar tidak mudah terpengaruh lingkungan maupun iming-iming yang dapat menjerumuskan pada penyalahgunaan narkotika.

Menurutnya, usia remaja merupakan fase dengan rasa ingin tahu yang tinggi sehingga perlu dibekali pemahaman agar mampu memilah dan menolak hal-hal yang berisiko.

“Adik-adik ini berada pada usia yang rasa ingin tahunya tinggi. Jangan sampai keinginan untuk mencoba justru membawa pada hal yang salah. Kalau ada teman yang terindikasi terlibat narkoba, jangan didiamkan, informasikan kepada BNK Tabanan karena kita juga memiliki upaya rehabilitasi,” tegas Dirga.

Ia juga mengajak para pelajar membangun kerja sama dengan pemerintah, BNK Tabanan, serta aparat penegak hukum dalam mencegah penyalahgunaan narkotika. BNK Tabanan bersama sejumlah lembaga terkait, kata dia, terus melakukan sosialisasi ke sekolah-sekolah di Kabupaten Tabanan sebagai langkah memperkuat kesadaran generasi muda.

“Kami mohon kerja samanya, jangan sampai memakai dan jangan ragu menginformasikan apabila ada hal-hal yang berkaitan dengan narkoba. BNK Tabanan akan terus melakukan sosialisasi dan pencegahan di sekolah-sekolah di seluruh Tabanan,” ujarnya.

Sementara itu, Kepala Kejaksaan Negeri Tabanan Medie, S.H., M.H., menjelaskan bahwa selain 25 perkara narkotika, barang bukti yang dimusnahkan berasal dari tujuh perkara pencurian, tiga perkara kesusilaan, dua perkara penipuan/penggelapan, serta satu perkara karantina hewan. Menurutnya, pemusnahan tersebut merupakan bagian dari pelaksanaan putusan pengadilan sekaligus upaya mencegah barang bukti kembali disalahgunakan.

“Pemusnahan barang bukti memiliki tujuan utama untuk memastikan barang rampasan atau bukti kejahatan dimusnahkan sehingga mengurangi terjadinya penyalahgunaan kembali, sehingga dapat mewujudkan akuntabilitas dan keterbukaan informasi kepada publik,” tegas Medie.

Ia menambahkan, pelibatan pelajar dalam kegiatan tersebut merupakan bagian dari edukasi mengenai bahaya narkotika sekaligus tindak lanjut program Jaksa Masuk Sekolah. Ia berharap sinergi dengan Pemerintah Kabupaten Tabanan dapat terus diperkuat agar penerangan hukum dan edukasi pencegahan narkotika dapat menjangkau lebih banyak sekolah.

Kegiatan kemudian dilanjutkan dengan pemusnahan barang bukti dan penandatanganan berita acara pemusnahan.(den/updatebali)",UPDATEBALI.com,"Dajan Peken, 82114, Tabanan, Tabanan, Bali, Indonesia",-8.536609490935,115.13552944186335,5,"2, 7","kejaksaan, kejatibali, kejaritabanan, tabanan, news"
APBD Tabanan 2027 Dibahas Pemkab Fokus Perkuat Pembangunan dan Pelayanan Masyarakat,2026-10-07T08:01:26.000Z,"Kabupaten Tabanan, Bali, Indonesia","APBD Tabanan 2027 Dibahas, Pemkab Fokus Perkuat Pembangunan dan Pelayanan Masyarakat - UPDATEBALI.com","UPDATEBALI.com, TABANAN – Komitmen Pemerintah Kabupaten Tabanan dalam mewujudkan pengelolaan keuangan daerah yang transparan, efektif, efisien, dan akuntabel kembali ditegaskan melalui Rapat Paripurna DPRD Kabupaten Tabanan. Mewakili Bupati Tabanan, Wakil Bupati Tabanan, I Made Dirga, S.Sos., menyampaikan Pidato Pengantar Bupati Tabanan dalam rangka penyampaian Rancangan Peraturan Daerah (Ranperda) tentang Anggaran Pendapatan dan Belanja Daerah (APBD) Kabupaten Tabanan Tahun Anggaran 2027, yang berlangsung di Ruang Rapat DPRD Kabupaten Tabanan, Rabu 7 Oktober 2026.","Rapat tersebut dipimpin Ketua DPRD Kabupaten Tabanan, I Nyoman Arnawa, S.Sos., serta diikuti oleh jajaran Anggota DPRD Kabupaten Tabanan, unsur Forkopimda Kabupaten Tabanan, para Asisten Setda, pimpinan perangkat daerah di lingkungan Pemerintah Kabupaten Tabanan, pimpinan instansi vertikal, serta undangan terkait lainnya. Melalui sambutan Bupati Tabanan yang disampaikan Wabup Dirga, ditegaskan bahwa penyampaian Ranperda tentang APBD Tahun Anggaran 2027 merupakan bagian dari kewajiban konstitusional sekaligus wujud komitmen pemerintah daerah dalam mewujudkan pengelolaan keuangan daerah yang transparan, efektif, efisien, dan akuntabel.","Pada Hari Rabu , 7 Oktober 2026 08:01, Tabanan, Tabanan, Bali

UPDATEBALI.com, TABANAN – Komitmen Pemerintah Kabupaten Tabanan dalam mewujudkan pengelolaan keuangan daerah yang transparan, efektif, efisien, dan akuntabel kembali ditegaskan melalui Rapat Paripurna DPRD Kabupaten Tabanan.

Mewakili Bupati Tabanan, Wakil Bupati Tabanan, I Made Dirga, S.Sos., menyampaikan Pidato Pengantar Bupati Tabanan dalam rangka penyampaian Rancangan Peraturan Daerah (Ranperda) tentang Anggaran Pendapatan dan Belanja Daerah (APBD) Kabupaten Tabanan Tahun Anggaran 2027, yang berlangsung di Ruang Rapat DPRD Kabupaten Tabanan, Rabu 7 Oktober 2026.

Rapat tersebut dipimpin Ketua DPRD Kabupaten Tabanan, I Nyoman Arnawa, S.Sos., serta diikuti oleh jajaran Anggota DPRD Kabupaten Tabanan, unsur Forkopimda Kabupaten Tabanan, para Asisten Setda, pimpinan perangkat daerah di lingkungan Pemerintah Kabupaten Tabanan, pimpinan instansi vertikal, serta undangan terkait lainnya.

Melalui sambutan Bupati Tabanan yang disampaikan Wabup Dirga, ditegaskan bahwa penyampaian Ranperda tentang APBD Tahun Anggaran 2027 merupakan bagian dari kewajiban konstitusional sekaligus wujud komitmen pemerintah daerah dalam mewujudkan pengelolaan keuangan daerah yang transparan, efektif, efisien, dan akuntabel. “Ranperda tentang APBD ini disusun dengan berpedoman pada KUA dan PPAS yang telah disepakati bersama, dengan memperhatikan kemampuan keuangan daerah, prioritas pembangunan, serta kebutuhan masyarakat Kabupaten Tabanan,” ujarnya.

Lebih lanjut disampaikan bahwa pendapatan daerah Kabupaten Tabanan Tahun Anggaran 2027 direncanakan sebesar Rp2.150 triliun lebih, yang terdiri dari Pendapatan Asli Daerah sebesar Rp951.106 miliar lebih dan pendapatan transfer sebesar Rp1.199 triliun lebih. Sementara itu, belanja daerah direncanakan sebesar Rp2.132 triliun lebih, dengan perincian belanja operasi sebesar Rp1.745 triliun lebih, belanja modal sebesar Rp133,627 miliar lebih, belanja tidak terduga sebesar Rp10,808 miliar lebih, serta belanja transfer sebesar Rp242,157 miliar lebih.

Menurutnya juga, APBD tidak hanya menjadi dokumen perencanaan keuangan, tetapi merupakan komitmen pemerintah daerah dalam menghadirkan pembangunan dan pelayanan publik yang menyentuh langsung kehidupan masyarakat. Karena itu, setiap rupiah anggaran harus dikelola secara cermat, tepat sasaran, efektif, efisien, serta dapat dipertanggungjawabkan. “Untuk itu, kami sangat mengharapkan pandangan, masukan, saran dan koreksi konstruktif dari seluruh anggota dewan yang terhormat, sehingga Ranperda tentang APBD Tahun Anggaran 2027 dapat menjadi dokumen anggaran yang semakin berkualitas dan responsif terhadap kebutuhan masyarakat,” imbuh Dirga.

Melalui sinergi antara Pemerintah Kabupaten Tabanan dan DPRD, pembahasan Ranperda APBD Tahun Anggaran 2027 diharapkan dapat semakin memperkuat pemberdayaan masyarakat, meningkatkan kualitas pelayanan publik, serta mendukung keberlanjutan pembangunan daerah. Hal tersebut menjadi bagian dari upaya mewujudkan visi Nangun Sat Kerthi Loka Bali melalui pola pembangunan semesta berencana dalam Bali Era Baru, sekaligus mewujudkan Tabanan Era Baru yang Aman, Unggul, dan Madani (AUM).(den/updatebali)",UPDATEBALI.com,"Dajan Peken, 82114, Tabanan, Tabanan, Bali, Indonesia",-8.536609490935,115.13552944186335,5,"2, 7","kejaksaan, kejatibali, kejaritabanan, tabanan, news"
Rawat Jagung Latih Ketekunan Warga Binaan Lapas Tabanan,2026-10-07T10:14:00.000Z,"Kabupaten Tabanan, Bali, Indonesia","Rawat Jagung, Latih Ketekunan Warga Binaan Lapas Tabanan - suryaindonesia.net","Tabanan, Surya Indonesia. Net – Warga Binaan Lembaga Pemasyarakatan (Lapas) Kelas IIB Tabanan melaksanakan perawatan tanaman jagung di Sarana Asimilasi dan Edukasi (SAE) Kebun Lapas, Rabu (07/10).","Kegiatan ini menjadi bagian dari pembinaan kemandirian yang tidak hanya mengajarkan keterampilan bertani, tetapi juga menumbuhkan ketekunan dan rasa tanggung jawab melalui proses perawatan tanaman yang dilakukan secara rutin. Didampingi petugas, Warga Binaan melaksanakan berbagai kegiatan perawatan, mulai dari membersihkan rumput liar di sekitar lahan, menyiram tanaman, hingga merapikan bagian tanaman jagung agar dapat tumbuh dengan baik.","Pada Hari Rabu , 7 Oktober 2026 10:14, Tabanan, Tabanan, Bali

Tabanan, Surya Indonesia. Net – Warga Binaan Lembaga Pemasyarakatan (Lapas) Kelas IIB Tabanan melaksanakan perawatan tanaman jagung di Sarana Asimilasi dan Edukasi (SAE) Kebun Lapas, Rabu (07/10). Kegiatan ini menjadi bagian dari pembinaan kemandirian yang tidak hanya mengajarkan keterampilan bertani, tetapi juga menumbuhkan ketekunan dan rasa tanggung jawab melalui proses perawatan tanaman yang dilakukan secara rutin.

Didampingi petugas, Warga Binaan melaksanakan berbagai kegiatan perawatan, mulai dari membersihkan rumput liar di sekitar lahan, menyiram tanaman, hingga merapikan bagian tanaman jagung agar dapat tumbuh dengan baik. Proses tersebut dilakukan secara berkelanjutan sebagai upaya menjaga kondisi tanaman sekaligus memastikan hasil pertanian dapat berkembang secara optimal.

ADVERTISEMENT SCROLL TO RESUME CONTENT

Kepala Lapas Tabanan, Basuki Raharjo, menyampaikan bahwa kegiatan di SAE Kebun bukan hanya berorientasi pada hasil panen, tetapi juga pada proses pembelajaran yang dijalani oleh Warga Binaan.

“Melalui kegiatan perawatan tanaman, Warga Binaan belajar untuk tekun, disiplin, dan bertanggung jawab terhadap pekerjaan yang dilakukan. Nilai-nilai tersebut menjadi bagian penting dari pembinaan kemandirian sebagai bekal ketika mereka kembali ke tengah masyarakat,” ujar Basuki.

Senada dengan hal tersebut, Ketua Kelompok Kerja Ketahanan Pangan, Nur Bagus Wahyudi, menjelaskan bahwa setiap tahapan kegiatan pertanian memiliki nilai pembelajaran tersendiri bagi Warga Binaan. “Merawat tanaman membutuhkan kesabaran dan konsistensi. Dari proses sederhana seperti membersihkan lahan dan menyiram tanaman, mereka belajar bahwa setiap hasil yang baik memerlukan usaha dan perhatian yang dilakukan secara terus-menerus,” jelasnya.

Salah satu Warga Binaan yang bekerja di SAE Kebun, Nyoman A., mengaku memperoleh banyak pengalaman selama mengikuti kegiatan pertanian. “Di SAE Kebun kami belajar untuk bekerja dengan tekun dan bertanggung jawab. Kami merawat tanaman setiap hari agar dapat tumbuh dengan baik, dan dari situ kami memahami bahwa setiap proses membutuhkan kesabaran,” ungkapnya.

Melalui kegiatan di SAE Kebun, Lapas Tabanan terus menghadirkan pembinaan yang tidak hanya berorientasi pada keterampilan, tetapi juga membentuk kebiasaan positif melalui proses belajar, bekerja, dan bertanggung jawab secara berkelanjutan.

( red)",suryaindonesia.net,"Dajan Peken, 82114, Tabanan, Tabanan, Bali, Indonesia",-8.536609490935,115.13552944186335,5,"2, 7","kejaksaan, kejatibali, kejaritabanan, tabanan, news"
Personil Polres Tabanan dan Polsek Selbar atensi WNA Asal Jerman Terseret Arus di Pantai Petangahan Selemadeg Barat,2026-10-07T09:52:00.000Z,"Kabupaten Tabanan, Bali, Indonesia",Personil Polres Tabanan dan Polsek Selbar atensi WNA Asal Jerman Terseret Arus di Pantai Petangahan Selemadeg Barat - https://suryaindonesia.net/,"Selemadeg Barat, Surya Indonesia.net – Seorang wisatawan mancanegara asal Jerman, Mikel Lanczek (59), dilaporkan meninggal dunia setelah terseret arus deras saat berenang di Pantai Petangahan, Banjar Suraberata, Desa Lalanglinggah, Kecamatan Selemadeg Barat, Tabanan, pada Selasa (6/10/2026). Peristiwa naas tersebut terjadi sekitar pukul 11.15 WITA.",Korban bersama tiga rekan sesama WNA mendatangi pantai yang berjarak sekitar 100 meter dari tempat mereka menginap di Villa Desa Cabins. Korban kemudian memutuskan berenang ke arah tengah untuk mencari bagian air yang lebih dalam.,"Pada Hari Rabu , 7 Oktober 2026 09:52, Tabanan, Tabanan, Bali

Selemadeg Barat, Surya Indonesia.net – Seorang wisatawan mancanegara asal Jerman, Mikel Lanczek (59), dilaporkan meninggal dunia setelah terseret arus deras saat berenang di Pantai Petangahan, Banjar Suraberata, Desa Lalanglinggah, Kecamatan Selemadeg Barat, Tabanan, pada Selasa (6/10/2026).

Peristiwa naas tersebut terjadi sekitar pukul 11.15 WITA. Korban bersama tiga rekan sesama WNA mendatangi pantai yang berjarak sekitar 100 meter dari tempat mereka menginap di Villa Desa Cabins. Korban kemudian memutuskan berenang ke arah tengah untuk mencari bagian air yang lebih dalam.

ADVERTISEMENT SCROLL TO RESUME CONTENT

Namun, secara tiba-tiba arus pantai menarik korban semakin jauh ke tengah laut. Korban sempat melambaikan tangan meminta pertolongan. Rekan-rekan korban yang melihat kejadian tersebut berupaya memberikan bantuan menggunakan sebatang bambu, namun derasnya arus membuat upaya pertolongan awal tersebut tidak berhasil.

Rekan korban kemudian bergegas kembali ke villa untuk meminta bantuan staf setempat dan melaporkan kejadian ini ke Polsek Selemadeg Barat.

Menerima laporan tersebut, personel Polsek Selemadeg Barat yang dipimpin langsung oleh Kapolsek tiba di lokasi pada pukul 12.50 WITA. Kepolisian segera berkoordinasi dengan Sat Samapta Polres Tabanan, BPBD Kabupaten Tabanan, Sat Pol Airud, serta warga sekitar untuk melakukan penyisiran di seputaran tempat kejadian perkara (TKP).

Sekira pukul 14.50 WITA, jasad korban akhirnya berhasil ditemukan oleh tim gabungan tidak jauh dari titik awal korban tenggelam. Setelah dievakuasi ke pinggir pantai, tim medis dari Puskesmas Selemadeg Barat melakukan pemeriksaan visum luar sebelum jasad korban dirujuk ke RSUP Prof. Dr. I.G.N.G. Ngoerah, Denpasar.

Pihak kepolisian mengimbau kepada seluruh masyarakat maupun wisatawan untuk selalu berhati-hati dan memperhatikan kondisi arus laut serta keselamatan saat beraktivitas di seputaran pantai.

( red)",https://suryaindonesia.net/,"Dajan Peken, 82114, Tabanan, Tabanan, Bali, Indonesia",-8.536609490935,115.13552944186335,5,"2, 7","kejaksaan, kejatibali, kejaritabanan, tabanan, news"
Berkas Juwuk Legi Masuk Tahap I JPU Teliti Kelengkapan Perkara,2026-10-07T10:01:06.000Z,"Kabupaten Tabanan, Bali, Indonesia","Berkas Juwuk Legi Masuk Tahap I, JPU Teliti Kelengkapan Perkara - BALIPOST.com","SINGASANA, BALIPOST.com – Perkara pengeroyokan terhadap terduga pencuri ayam hingga tewas di Banjar Dinas Juwuk Legi, Desa Batunya, Kecamatan Baturiti, Tabanan, memasuki babak baru. Penyidik Polres Tabanan telah menyerahkan berkas perkara tahap pertama (Tahap I) kepada Kejaksaan Negeri (Kejari) Tabanan pada pekan lalu.","Namun, berkas perkara tersebut belum dinyatakan lengkap atau P-21. Jaksa Penuntut Umum (JPU) masih melakukan penelitian untuk memastikan terpenuhinya syarat formil dan materiil atas perkara yang menjerat lima tersangka tersebut.","Pada Hari Rabu , 7 Oktober 2026 10:01, Tabanan, Tabanan, Bali

SINGASANA, BALIPOST.com – Perkara pengeroyokan terhadap terduga pencuri ayam hingga tewas di Banjar Dinas Juwuk Legi, Desa Batunya, Kecamatan Baturiti, Tabanan, memasuki babak baru. Penyidik Polres Tabanan telah menyerahkan berkas perkara tahap pertama (Tahap I) kepada Kejaksaan Negeri (Kejari) Tabanan pada pekan lalu. Namun, berkas perkara tersebut belum dinyatakan lengkap atau P-21.

Jaksa Penuntut Umum (JPU) masih melakukan penelitian untuk memastikan terpenuhinya syarat formil dan materiil atas perkara yang menjerat lima tersangka tersebut.

Kasi Intel Kejari Tabanan, I Putu Nuriyanto, seizin Kajari Tabanan Medie, mengatakan, penelitian berkas masih berlangsung. JPU akan mencermati keseluruhan isi berkas sebelum menentukan apakah perkara dapat dinyatakan lengkap atau masih memerlukan perbaikan dari penyidik.

“Tahap I sudah kami terima, saat ini tim penuntut umum masih melakukan penelitian berkas perkara, apakah sudah memenuhi syarat formil dan materiil atas sangkaan yang disangkakan kepada para tersangka,” ujar Nuriyanto usai sidang paripurna di Gedung DPRD Tabanan, Rabu (7/10).

Menurutnya, penelitian JPU tidak hanya berpedoman pada hasil rekonstruksi yang sebelumnya telah melibatkan pihak kejaksaan. Rekonstruksi menjadi salah satu bahan yang diperhatikan, tetapi JPU tetap harus meneliti seluruh materi dalam berkas perkara.

JPU akan mencocokkan hasil rekonstruksi dengan berita acara pemeriksaan (BAP) yang dibuat penyidik. Keterangan saksi dan para tersangka juga akan diteliti untuk memastikan kesesuaiannya dengan rangkaian peristiwa serta perbuatan yang disangkakan.

“Meski saat rekonstruksi penuntut umum dilibatkan, JPU tetap melakukan penelitian kembali. Jika rekonstruksi itu sesuai dengan berita acara yang dibuat penyidik, kemudian apakah keterangan saksi dan para tersangka sudah sesuai antara rekonstruksi dengan perbuatan yang dilakukan,” jelasnya.

Nuriyanto menegaskan, keterlibatan JPU dalam rekonstruksi tidak otomatis membuat berkas perkara dinyatakan lengkap. Penuntut umum masih harus mencermati bukti-bukti lainnya, termasuk hasil visum, keterangan saksi, alat bukti surat serta uraian peran masing-masing tersangka.

“Jadi, belum tentu hanya karena kami hadir dalam rekonstruksi kemudian berkas dinyatakan lengkap. Kami mengamati dan meneliti berkas perkara secara keseluruhan, tidak hanya merujuk pada rekonstruksi saja,” tegasnya.

Hingga Rabu (7/10), berkas perkara tersebut belum dikembalikan kepada penyidik Polres Tabanan. JPU masih melakukan penelitian untuk memastikan seluruh unsur yang diperlukan telah terpenuhi.

Jika ditemukan kekurangan, baik secara formil maupun materiil, berkas akan dikembalikan kepada penyidik disertai petunjuk JPU untuk dilengkapi. “Ini belum dikembalikan. Sekiranya nanti ada kekurangan dan kelengkapan berkas secara formil maupun materiil belum terpenuhi, tentu akan dikembalikan sesuai dengan petunjuk JPU kepada penyidik,” kata Nuriyanto.

Terkait pelaksanaan Tahap II, Nuriyanto mengatakan waktunya belum dapat dipastikan. Tahap II berupa penyerahan tersangka dan barang bukti baru dapat dilakukan setelah JPU menyatakan berkas perkara lengkap atau P-21.

JPU, lanjut dia, akan mempercepat penelitian berkas. Jika seluruh persyaratan telah terpenuhi, proses menuju P-21 akan dilanjutkan.

Sebaliknya, apabila masih terdapat kekurangan, penyidik akan diminta melakukan perbaikan sesuai petunjuk penuntut umum. Dalam proses tersebut, JPU juga dapat melakukan gelar atau ekspose internal bersama tim penuntut umum untuk membahas hasil penelitian sebelum menentukan langkah selanjutnya.

Sebelumnya, Polres Tabanan telah melakukan rekonstruksi perkara di halaman Mako Polres Tabanan, Kamis (17/9). Sebanyak 18 adegan diperagakan untuk mencocokkan rangkaian kejadian dalam perkara tersebut.

Lima tersangka yang telah ditetapkan polisi hadir dan memperagakan adegan sesuai peran masing-masing. Rekonstruksi berlangsung sekitar tiga jam, mulai pukul 10.00 hingga 13.00 Wita.

Dengan telah diserahkannya berkas Tahap I, perkara Juwuk Legi kini berada dalam tahap penelitian JPU. Kepastian apakah berkas dinyatakan P-21 atau dikembalikan kepada penyidik untuk dilengkapi masih menunggu hasil penelitian secara menyeluruh. (Puspawati/balipost)",BALIPOST.com,"Dajan Peken, 82114, Tabanan, Tabanan, Bali, Indonesia",-8.536609490935,115.13552944186335,5,"2, 7","kejaksaan, kejatibali, kejaritabanan, tabanan, news"
Kejari Tabanan Musnahkan Barang Bukti 38 Perkara Kasus Narkotika Mendominasi,2026-10-07T08:40:29.000Z,"Kabupaten Tabanan, Bali, Indonesia","Kejari Tabanan Musnahkan Barang Bukti 38 Perkara, Kasus Narkotika Mendominasi - - Barometer Bali","Barometer Bali | Tabanan – Kejaksaan Negeri (Kejari) Tabanan memusnahkan barang bukti dari 38 perkara tindak pidana yang telah berkekuatan hukum tetap atau inkracht, Rabu (7/10/2026). Dari puluhan perkara tersebut, kasus narkotika menjadi perkara yang paling mendominasi, yakni sebanyak 25 kasus.","Pemusnahan barang bukti berlangsung di Kantor Kejari Tabanan dan turut melibatkan ratusan pelajar serta guru dari SMAN 1 Kediri, SMPN 1 Kediri, dan SMPN 2 Tabanan. Kepala Kejari Tabanan, Medie, mengatakan pemusnahan dilakukan untuk memastikan barang bukti tidak kembali disalahgunakan sekaligus sebagai bentuk pertanggungjawaban institusi kepada masyarakat.","Pada Hari Rabu , 7 Oktober 2026 08:40, Tabanan, Tabanan, Bali

Barometer Bali | Tabanan – Kejaksaan Negeri (Kejari) Tabanan memusnahkan barang bukti dari 38 perkara tindak pidana yang telah berkekuatan hukum tetap atau inkracht, Rabu (7/10/2026).

Dari puluhan perkara tersebut, kasus narkotika menjadi perkara yang paling mendominasi, yakni sebanyak 25 kasus. Pemusnahan barang bukti berlangsung di Kantor Kejari Tabanan dan turut melibatkan ratusan pelajar serta guru dari SMAN 1 Kediri, SMPN 1 Kediri, dan SMPN 2 Tabanan.

Kepala Kejari Tabanan, Medie, mengatakan pemusnahan dilakukan untuk memastikan barang bukti tidak kembali disalahgunakan sekaligus sebagai bentuk pertanggungjawaban institusi kepada masyarakat.

“Tujuan utamanya memastikan barang bukti ini musnah sehingga tidak ada celah penyalahgunaan kembali. Ini juga bentuk akuntabilitas kami kepada publik,” kata Medie.

Selain 25 perkara narkotika, barang bukti yang dimusnahkan berasal dari tujuh perkara pencurian, tiga perkara kesusilaan, dua perkara penipuan atau penggelapan, serta satu perkara karantina hewan.

Menurutnya, pelibatan para pelajar dalam kegiatan tersebut merupakan bagian dari upaya edukasi hukum melalui program Jaksa Masuk Sekolah. Ia berharap sinergi antara aparat penegak hukum dan Pemerintah Kabupaten Tabanan dapat diperluas sehingga edukasi mengenai bahaya narkotika bisa menjangkau lebih banyak sekolah.

Sementara itu, Wakil Bupati Tabanan I Made Dirga yang juga menjabat sebagai Ketua Badan Narkotika Kabupaten (BNK) Tabanan, memberikan pesan khusus kepada para pelajar agar tidak mudah terpengaruh lingkungan maupun iming-iming narkotika.

“Adik-adik ini berada pada usia yang rasa ingin tahunya tinggi. Jangan sampai keinginan untuk mencoba justru membawa pada hal yang salah,” tegas Dirga di hadapan para pelajar.

Dirga juga meminta siswa dan pihak sekolah tidak menutup mata apabila menemukan indikasi penyalahgunaan maupun peredaran narkotika di lingkungan mereka.

“Kalau ada teman yang terindikasi terlibat narkoba, jangan didiamkan. Informasikan kepada BNK Tabanan karena kita juga memiliki program rehabilitasi,” imbuhnya.

Ia menegaskan, BNK Tabanan akan terus menggencarkan sosialisasi pencegahan narkotika dari sekolah ke sekolah. Menurutnya, pemberantasan narkoba membutuhkan keterlibatan bersama antara aparat penegak hukum, pemerintah, sekolah, keluarga, dan masyarakat.

Kegiatan pemusnahan barang bukti tersebut ditutup dengan penandatanganan berita acara. Turut hadir jajaran Forum Koordinasi Pimpinan Daerah (Forkopimda) Kabupaten Tabanan, di antaranya Kapolres Tabanan, Dandim 1619/Tabanan, perwakilan Pengadilan Negeri, DPRD, serta Kepala Kesbangpol Kabupaten Tabanan. (rian)",Barometer Bali,"Dajan Peken, 82114, Tabanan, Tabanan, Bali, Indonesia",-8.536609490935,115.13552944186335,5,"2, 7","kejaksaan, kejatibali, kejaritabanan, tabanan, news"
Tertibkan Administrasi Ormas Bakesbangpol Tabanan Sosialisasi SIKEDAS,2026-10-07T05:12:39.000Z,"Kabupaten Tabanan, Bali, Indonesia","Tertibkan Administrasi Ormas, Bakesbangpol Tabanan Sosialisasi SIKEDAS - Bali Tribune","Bali Tribune / Kegiatan Monitoring dan Evaluasi Organisasi Masyarakat (Ormas) sekaligus sosialisasi SIKEDAS (Sistem Kelengkapan Data Ormas) yang dilaksanakan pada Rabu (7/10/2026) di Sekretariat Persatuan Purnawirawan Polri (PP Polri) Kabupaten Tabanan

balitribune.co.id | Tabanan - Badan Kesatuan Bangsa dan Politik (Bakesbangpol) Kabupaten Tabanan terus memperkuat komunikasi dan koordinasi dengan organisasi kemasyarakatan (Ormas) di wilayah Kabupaten Tabanan. Upaya tersebut dilakukan melalui kegiatan Monitoring dan Evaluasi Organisasi Masyarakat (Ormas) sekaligus sosialisasi SIKEDAS (Sistem Kelengkapan Data Ormas) yang dilaksanakan pada Rabu (7/10/2026).","Kegiatan berlangsung di Sekretariat Persatuan Purnawirawan Polri (PP Polri) Kabupaten Tabanan). Monitoring dan evaluasi menjadi bagian dari upaya Bakesbangpol dalam melakukan pemantauan terhadap keberadaan dan perkembangan organisasi masyarakat, sekaligus membangun komunikasi secara langsung dengan pengurus Ormas.","Pada Hari Rabu , 7 Oktober 2026 05:12, Tabanan, Tabanan, Bali

Bali Tribune / Kegiatan Monitoring dan Evaluasi Organisasi Masyarakat (Ormas) sekaligus sosialisasi SIKEDAS (Sistem Kelengkapan Data Ormas) yang dilaksanakan pada Rabu (7/10/2026) di Sekretariat Persatuan Purnawirawan Polri (PP Polri) Kabupaten Tabanan

balitribune.co.id | Tabanan - Badan Kesatuan Bangsa dan Politik (Bakesbangpol) Kabupaten Tabanan terus memperkuat komunikasi dan koordinasi dengan organisasi kemasyarakatan (Ormas) di wilayah Kabupaten Tabanan. Upaya tersebut dilakukan melalui kegiatan Monitoring dan Evaluasi Organisasi Masyarakat (Ormas) sekaligus sosialisasi SIKEDAS (Sistem Kelengkapan Data Ormas) yang dilaksanakan pada Rabu (7/10/2026).

Kegiatan berlangsung di Sekretariat Persatuan Purnawirawan Polri (PP Polri) Kabupaten Tabanan). Monitoring dan evaluasi menjadi bagian dari upaya Bakesbangpol dalam melakukan pemantauan terhadap keberadaan dan perkembangan organisasi masyarakat, sekaligus membangun komunikasi secara langsung dengan pengurus Ormas.

Kepala Bakesbangpol Kabupaten Tabanan I Made Murdika mengatakan, monitoring dan evaluasi Ormas tidak semata-mata dilakukan sebagai bentuk pengawasan, tetapi juga menjadi ruang untuk memperkuat komunikasi antara pemerintah daerah dengan organisasi masyarakat.

“Monitoring dan evaluasi ini bukan hanya untuk melihat kelengkapan administrasi organisasi, tetapi juga menjadi ruang bagi pemerintah daerah untuk berkomunikasi secara langsung dengan Ormas. Kami ingin mengetahui perkembangan organisasi sekaligus mendengar berbagai hal yang menjadi kebutuhan dan perhatian dari masing-masing organisasi,” ujar I Made Murdika.

Menurut I Made Murdika, komunikasi yang dilakukan secara langsung menjadi bagian penting dalam membangun hubungan yang harmonis antara pemerintah daerah dengan organisasi masyarakat. Ormas memiliki peran dalam kehidupan sosial kemasyarakatan, sehingga koordinasi yang baik diperlukan agar berbagai aktivitas organisasi dapat berjalan secara tertib dan memberikan manfaat bagi masyarakat.

Dalam kesempatan yang sama, Bakesbangpol Kabupaten Tabanan juga melaksanakan sosialisasi SIKEDAS atau Sistem Kelengkapan Data Ormas. SIKEDAS merupakan bagian dari Aksi Perubahan yang diarahkan untuk mendukung pengelolaan data organisasi masyarakat agar lebih lengkap, tertata, dan sistematis.

I Made Murdika menjelaskan, kelengkapan data organisasi menjadi salah satu hal penting dalam mendukung tertib administrasi sekaligus memudahkan pemerintah daerah dalam memperoleh informasi mengenai keberadaan dan perkembangan Ormas di Kabupaten Tabanan.

“SIKEDAS ini merupakan bagian dari Aksi Perubahan yang kami dorong untuk membantu pengelolaan data Ormas agar lebih lengkap dan sistematis. Kami berharap organisasi masyarakat dapat memanfaatkan sistem ini dengan baik, terutama dalam melengkapi dan memperbarui data organisasi,” jelas I Made Murdika.

Sosialisasi tersebut juga memberikan pemahaman kepada pengurus organisasi mengenai pentingnya melakukan pembaruan dan melengkapi data organisasi. Data yang lengkap dan tertata tidak hanya bermanfaat bagi pemerintah daerah, tetapi juga dapat membantu organisasi dalam mengelola administrasinya secara lebih baik.

“Data yang lengkap bukan hanya dibutuhkan pemerintah. Bagi organisasi sendiri, data yang tertib akan memudahkan dalam pengelolaan administrasi dan dokumentasi organisasi. Karena itu, kami mengajak seluruh Ormas untuk bersama-sama membangun budaya tertib administrasi,” tambah I Made Murdika.

Kelengkapan data organisasi juga diharapkan dapat mendukung proses koordinasi antara pemerintah daerah dengan Ormas. Dengan data yang lebih tertata, informasi mengenai keberadaan, perkembangan, serta aktivitas organisasi masyarakat dapat terdokumentasi dengan lebih baik.

I Made Murdika menegaskan, Bakesbangpol Kabupaten Tabanan akan terus melakukan monitoring dan evaluasi sekaligus membangun komunikasi dengan organisasi masyarakat secara berkelanjutan. Pendekatan tersebut diharapkan tidak hanya memperkuat aspek administrasi, tetapi juga mempererat hubungan antara pemerintah daerah dengan Ormas.

“Kami ingin hubungan pemerintah daerah dengan organisasi masyarakat terus terjalin dengan baik. Monitoring dan evaluasi ini menjadi bagian dari upaya membangun komunikasi dua arah. Pemerintah membutuhkan peran Ormas dalam kehidupan bermasyarakat, dan Ormas juga membutuhkan ruang komunikasi dengan pemerintah,” ungkapnya.

Melalui monitoring, evaluasi, dan sosialisasi SIKEDAS, Bakesbangpol Kabupaten Tabanan berharap pengelolaan organisasi masyarakat semakin tertib, khususnya dalam aspek administrasi dan kelengkapan data.

Langkah tersebut sekaligus diharapkan dapat mendukung terciptanya koordinasi yang lebih efektif antara pemerintah daerah dan organisasi masyarakat, sehingga keberadaan Ormas dapat terus memberikan kontribusi positif bagi kehidupan sosial kemasyarakatan serta pembangunan di Kabupaten Tabanan.",Bali Tribune,"Dajan Peken, 82114, Tabanan, Tabanan, Bali, Indonesia",-8.536609490935,115.13552944186335,5,"2, 7","kejaksaan, kejatibali, kejaritabanan, tabanan, news"
Cegah Rabies Pemkab Tabanan Suntik Vaksin Ratusan Hewan Peliharaan di Desa Penarukan,2026-10-07T05:19:38.000Z,"Kabupaten Tabanan, Bali, Indonesia","Cegah Rabies, Pemkab Tabanan Suntik Vaksin Ratusan Hewan Peliharaan di Desa Penarukan - Bali Tribune","Bali Tribune / Pelaksanaan vaksinasi rabies secara serentak oleh Dinas Pertanian Kabupaten Tabanan di sejumlah banjar di Desa Penarukan, Kecamatan Kerambitan, Selasa (6/10/2026)

balitribune.co.id | Tabanan - Upaya mencegah penyebaran penyakit rabies terus diperkuat Pemerintah Kabupaten Tabanan. Melalui Puskeswan II Tabanan, Dinas Pertanian Kabupaten Tabanan melaksanakan vaksinasi rabies secara serentak di sejumlah banjar di Desa Penarukan, Kecamatan Kerambitan, Selasa (6/10/2026).","Vaksinasi menyasar hewan peliharaan milik masyarakat di lima banjar, yakni Banjar Dinas Penarukan Kaja, Penarukan Tengah Kaja, Penarukan Tengah Kelod, Penarukan Kelod, dan Penarukan Bantas. Dari total 353 ekor hewan yang menjadi sasaran vaksinasi, sebanyak 225 ekor berhasil mendapatkan vaksin rabies, terdiri atas 215 ekor anjing dan 10 ekor kucing.","Pada Hari Rabu , 7 Oktober 2026 05:19, Tabanan, Tabanan, Bali

Bali Tribune / Pelaksanaan vaksinasi rabies secara serentak oleh Dinas Pertanian Kabupaten Tabanan di sejumlah banjar di Desa Penarukan, Kecamatan Kerambitan, Selasa (6/10/2026)

balitribune.co.id | Tabanan - Upaya mencegah penyebaran penyakit rabies terus diperkuat Pemerintah Kabupaten Tabanan. Melalui Puskeswan II Tabanan, Dinas Pertanian Kabupaten Tabanan melaksanakan vaksinasi rabies secara serentak di sejumlah banjar di Desa Penarukan, Kecamatan Kerambitan, Selasa (6/10/2026).

Vaksinasi menyasar hewan peliharaan milik masyarakat di lima banjar, yakni Banjar Dinas Penarukan Kaja, Penarukan Tengah Kaja, Penarukan Tengah Kelod, Penarukan Kelod, dan Penarukan Bantas.

Dari total 353 ekor hewan yang menjadi sasaran vaksinasi, sebanyak 225 ekor berhasil mendapatkan vaksin rabies, terdiri atas 215 ekor anjing dan 10 ekor kucing.

Kegiatan tersebut menjadi bagian dari langkah pencegahan dan pengendalian rabies, sekaligus meningkatkan perlindungan terhadap masyarakat melalui peningkatan cakupan vaksinasi hewan penular rabies, khususnya anjing dan kucing yang dipelihara warga.

Plt. Kepala Dinas Pertanian Kabupaten Tabanan, I Gusti Agung Rai Dwipayana, S.Sos., S.H., M.Si., mengatakan vaksinasi merupakan salah satu langkah penting dalam memutus mata rantai penyebaran rabies. Menurutnya, keberhasilan pencegahan rabies membutuhkan keterlibatan aktif pemerintah dan masyarakat.

“Pencegahan rabies tidak bisa hanya dilakukan oleh pemerintah. Peran masyarakat sangat penting, terutama dengan memastikan hewan peliharaan mendapatkan vaksinasi secara rutin. Vaksinasi ini merupakan langkah perlindungan, bukan hanya bagi hewan, tetapi juga bagi keluarga dan lingkungan di sekitarnya,” ujar Rai Dwipayana.

Rai Dwipayana juga mengimbau masyarakat yang memiliki anjing maupun kucing agar tidak mengabaikan vaksinasi rabies. Hewan peliharaan yang sehat dan telah mendapatkan vaksinasi akan membantu menekan risiko penularan rabies di lingkungan masyarakat.

“Kami mengajak seluruh masyarakat Tabanan untuk memanfaatkan layanan vaksinasi rabies yang dilaksanakan pemerintah. Jangan menunggu sampai terjadi kasus. Pencegahan jauh lebih penting, karena rabies merupakan penyakit yang sangat berbahaya dan dapat dicegah melalui vaksinasi,” tegasnya.

Selain vaksinasi, masyarakat juga diharapkan bertanggung jawab terhadap hewan peliharaan dengan menjaga kesehatan, tidak melepasliarkan hewan secara sembarangan, serta segera melaporkan kepada petugas apabila menemukan hewan dengan perubahan perilaku yang mencurigakan.

Pelaksanaan vaksinasi secara langsung di banjar juga diharapkan semakin memudahkan masyarakat dalam mendapatkan layanan kesehatan hewan. Dengan pendekatan yang lebih dekat ke lingkungan warga, cakupan vaksinasi diharapkan dapat terus ditingkatkan.

Pemerintah Kabupaten Tabanan akan terus memperkuat upaya pencegahan rabies melalui vaksinasi, edukasi, pemantauan serta kolaborasi dengan masyarakat. Langkah tersebut menjadi bagian penting dalam menciptakan lingkungan yang lebih aman sekaligus melindungi kesehatan masyarakat dan hewan peliharaan di Kabupaten Tabanan.",Bali Tribune,"Dajan Peken, 82114, Tabanan, Tabanan, Bali, Indonesia",-8.536609490935,115.13552944186335,5,"2, 7","kejaksaan, kejatibali, kejaritabanan, tabanan, news"
Terdesak Biaya Persalinan Terdakwa Curi Bor Divonis 4 Bulan oleh PN Tabanan,2026-10-06T12:15:00.000Z,"Kabupaten Tabanan, Bali, Indonesia","Terdesak Biaya Persalinan, Terdakwa Curi Bor Divonis 4 Bulan oleh PN Tabanan - Dandapala Digital","Tabanan, Bali – Ada hal yang tidak biasa dalam persidangan pidana di Pengadilan Negeri (PN) Tabanan pagi ini. Pasalnya pertimbangan Majelis Hakim dalam menjatuhkan pidana kepada Terdakwa menjadi pengingat bagi kita semua bahwa keadilan restoratif tidak semata-mata tentang penerapan suatu mekanisme, tetapi juga tentang tercapainya pemulihan hubungan antara pihak-pihak yang terlibat dalam perkara.","Dari pantauan Dandapala di lapangan, perkara pidana yang teregister nomor 61/Pid.B/2026/PN Tab tersebut diputus oleh Majelis Hakim yang diketuai Ari Conardo, selaku Hakim Ketua dengan Favian Partogi Alexander Sianipar dan Yustisia Larasati, masing-masing sebagai Hakim Anggota pada Selasa, (6/10). Tindak pidana bermula pada Minggu, 7 Juni 2026 sekira pukul 02.55 WITA, ketika Terdakwa yang berprofesi sebagai satpam mengambil satu buah bor beton merek Bosch milik PT.","Pada Hari Selasa , 6 Oktober 2026 12:15, Tabanan, Tabanan, Bali

Tabanan, Bali – Ada hal yang tidak biasa dalam persidangan pidana di Pengadilan Negeri (PN) Tabanan pagi ini. Pasalnya pertimbangan Majelis Hakim dalam menjatuhkan pidana kepada Terdakwa menjadi pengingat bagi kita semua bahwa keadilan restoratif tidak semata-mata tentang penerapan suatu mekanisme, tetapi juga tentang tercapainya pemulihan hubungan antara pihak-pihak yang terlibat dalam perkara.

Dari pantauan Dandapala di lapangan, perkara pidana yang teregister nomor 61/Pid.B/2026/PN Tab tersebut diputus oleh Majelis Hakim yang diketuai Ari Conardo, selaku Hakim Ketua dengan Favian Partogi Alexander Sianipar dan Yustisia Larasati, masing-masing sebagai Hakim Anggota pada Selasa, (6/10).

Tindak pidana bermula pada Minggu, 7 Juni 2026 sekira pukul 02.55 WITA, ketika Terdakwa yang berprofesi sebagai satpam mengambil satu buah bor beton merek Bosch milik PT. Pilar Garba Inti yang berada di gudang Proyek Villa Ecoverse, Banjar Nyanyi, Desa Beraban, Kecamatan Kediri, Kabupaten Tabanan. Terdakwa masuk ke dalam gudang dengan memanjat menggunakan scaffolding dan mengambil bor tersebut tanpa izin. Akibat perbuatan tersebut, PT. Pilar Garba Inti mengalami kerugian sejumlah Rp1.5 juta.

Baca Juga: Nekat Curi Pipa AC untuk Biaya Persalinan, PN Tabanan Bali Terapkan MKR

Dalam persidangan terungkap Terdakwa telah meminta maaf dan berdamai dengan PT. Pilar Garba Inti yang diwakili oleh Saksi Benedictus Pratama Hartoko selaku Site Manager, penerima kuasa dari Sdr. Berlian Octavianus selaku Project Manager PT. Pilar Garba Inti.

Perdamaian tersebut kemudian dituangkan dalam Surat Pernyataan Perdamaian yang dibuat dan ditandatangani di Kepolisian Sektor Kediri pada 29 Juni 2026. Saksi Benedictus juga menyampaikan bahwa dirinya telah memaafkan perbuatan Terdakwa dan memohon agar Terdakwa diberikan keringanan hukuman.

Selain perdamaian, pada 19 Juli 2026 Saksi Benedictus menerima uang sejumlah Rp1 juta yang dikirimkan oleh istri Terdakwa yang baru saja melahirkan.

""kami memberikan maaf kepada terdakwa, melihat alasan dirinya mengambil bor karena kondisi terdesak untuk memenuhi kebutuhan biaya persalinan istrinya yang saat itu sedang hamil dalam usia kandungan sembilan bulan,"" ucap Benedictus di ruang sidang dihadapan Terdakwa dan Majelis Hakim.

Persidangan kemudian dilanjutkan hingga putusan, dari informasi yang diterima Dandapala, Majelis Hakim dalam putusannya mempertimbangkan meski tindak pidana yang didakwakan kepada Terdakwa tidak memenuhi syarat untuk dilaksanakan proses MKR sebagaimana diatur dalam Pasal 80 Undang-Undang Nomor 20 Tahun 2025 tentang KUHAP. Hal tersebut karena pasal yang didakwakan oleh Penuntut Umum yakni Pasal 477 ayat (1) huruf f Undang-Undang Nomor 1 Tahun 2023 tentang KUHP yang memiliki ancaman pidana penjara paling lama 7 (tujuh) tahun atau pidana denda paling banyak kategori V dengan jenis dakwaan tunggal.

""Namun demikian Majelis tidak mengabaikan fakta hukum berupa pemaafan dari pihak korban, adanya pemberian ganti kerugian dan Terdakwa belum memperoleh keuntungan dari barang yang diambil,"" tegas Ari Conardo selaku Ketua Majelis Hakim.

Berdasarkan rangkaian fakta tersebut, Majelis Hakim berkesimpulan bahwa pemulihan hubungan antara Terdakwa dengan Saksi Benedictus Pratama Hartoko selaku pihak yang mewakili PT. Pilar Garba Inti telah tercapai sesuai dengan hakikat dan tujuan dari keadilan restoratif itu sendiri. Pemulihan hubungan tersebut kemudian menjadi salah satu keadaan yang meringankan dalam menentukan vonis pidana.

Masih dalam pertimbangannya, Majelis Hakim juga memperhatikan bahwa Terdakwa belum pernah dijatuhi pidana, belum menikmati hasil tindak pidana, bersikap kooperatif selama persidangan, mengaku bersalah dan menyesali perbuatannya serta berjanji tidak akan mengulangi lagi perbuatannya lagi. Di sisi lain, perbuatan Terdakwa tetap menimbulkan kerugian materiil bagi PT. Pilar Garba Inti.

Setelah mempertimbangkan seluruh keadaan tersebut, Majelis Hakim menjatuhkan pidana kepada Terdakwa berupa pidana penjara selama 4 (empat) bulan dan 10 (sepuluh) hari, jauh lebih ringan dibandingkan tuntutan Penuntut Umum yang menuntut pidana penjara selama 10 (sepuluh) bulan.

""Menjatuhkan pidana kepada Terdakwa berupa pidana penjara selama 4 (empat) bulan dan 10 (sepuluh) hari,"" ucap Ketua Majelis.

Baca Juga: Forum Komunikasi Publik PN Tabanan Bali, Kupas Sidang Elektronik Hingga Dispensasi Kawin

Putusan tersebut menegaskan bahwa tujuan pemidanaan bukan semata-mata untuk menista atau menderitakan Terdakwa, melainkan sebagai bentuk pertanggungjawaban sekaligus upaya memperbaiki diri Terdakwa agar dapat kembali ke lingkungan keluarga dan masyarakat serta mematuhi peraturan perundang-undangan.

""Bahwa tujuan pemidanaan bukan semata-mata untuk menderitakan Terdakwa, melainkan sebagai bentuk pertanggungjawaban sekaligus upaya memperbaiki diri Terdakwa,"" tutup Majelis dalam putusannya. (fu/zm/wi)

Untuk Mendapatkan Berita Terbaru Dandapala Follow Channel WhatsApp : Info Badilum MA RI",Dandapala Digital,"Dajan Peken, 82114, Tabanan, Tabanan, Bali, Indonesia",-8.536609490935,115.13552944186335,5,"2, 7","kejaksaan, kejatibali, kejaritabanan, tabanan, news"
Wabup Dirga Ingatkan Pelajar Jangan CobaCoba Narkoba,2026-10-07T11:58:24.000Z,"Kabupaten Tabanan, Bali, Indonesia",Wabup Dirga Ingatkan Pelajar Jangan Coba-Coba Narkoba - bali prawara,"TABANAN, – baliprawara.com

Wakil Bupati Tabanan I Made Dirga mengingatkan para pelajar untuk menjauhi narkotika dan tidak mudah terpengaruh ajakan maupun lingkungan yang berisiko. Pesan tersebut disampaikan saat pemusnahan barang bukti 38 perkara pidana yang telah berkekuatan hukum tetap (inkracht) di Kantor Kejaksaan Negeri Tabanan, Rabu, 7 Oktober 2026.","Dari 38 perkara yang barang buktinya dimusnahkan pada Semester II 2026 tersebut, sebanyak 25 perkara merupakan tindak pidana narkotika. Kegiatan ini juga melibatkan pelajar dan guru dari SMA Negeri 1 Kediri, SMP Negeri 1 Kediri, dan SMP Negeri 2 Tabanan sebagai bagian dari edukasi hukum dan pencegahan penyalahgunaan narkoba sejak dini.","Pada Hari Rabu , 7 Oktober 2026 11:58, Tabanan, Tabanan, Bali

TABANAN, – baliprawara.com

Wakil Bupati Tabanan I Made Dirga mengingatkan para pelajar untuk menjauhi narkotika dan tidak mudah terpengaruh ajakan maupun lingkungan yang berisiko. Pesan tersebut disampaikan saat pemusnahan barang bukti 38 perkara pidana yang telah berkekuatan hukum tetap (inkracht) di Kantor Kejaksaan Negeri Tabanan, Rabu, 7 Oktober 2026.

Dari 38 perkara yang barang buktinya dimusnahkan pada Semester II 2026 tersebut, sebanyak 25 perkara merupakan tindak pidana narkotika. Kegiatan ini juga melibatkan pelajar dan guru dari SMA Negeri 1 Kediri, SMP Negeri 1 Kediri, dan SMP Negeri 2 Tabanan sebagai bagian dari edukasi hukum dan pencegahan penyalahgunaan narkoba sejak dini.

Dirga yang juga Ketua BNK Tabanan mengatakan, usia remaja merupakan masa dengan rasa ingin tahu yang tinggi. Karena itu, para pelajar perlu memiliki pemahaman yang cukup agar mampu memilah pergaulan dan berani menolak ajakan yang dapat merugikan masa depan.

“Adik-adik ini berada pada usia yang rasa ingin tahunya tinggi. Jangan sampai keinginan untuk mencoba justru membawa pada hal yang salah,” tegasnya.

Dirga juga meminta pelajar tidak diam apabila mengetahui adanya teman yang terindikasi terlibat narkoba. Informasi tersebut dapat disampaikan kepada BNK Tabanan sehingga dapat dilakukan langkah pencegahan maupun rehabilitasi.

“Kalau ada teman yang terindikasi terlibat narkoba, jangan didiamkan. Informasikan kepada BNK Tabanan karena kita juga memiliki upaya rehabilitasi,” ujarnya.

Ia menambahkan, BNK Tabanan bersama pemerintah daerah dan aparat penegak hukum terus melakukan sosialisasi ke sekolah-sekolah. Langkah tersebut dilakukan untuk memperkuat pemahaman generasi muda mengenai bahaya narkotika.

Sementara itu, Kepala Kejaksaan Negeri Tabanan Medie, S.H., M.H., mengatakan 38 perkara yang barang buktinya dimusnahkan terdiri atas 25 perkara narkotika, tujuh perkara pencurian, tiga perkara kesusilaan, dua perkara penipuan/penggelapan, serta satu perkara karantina hewan.

Menurut Medie, pemusnahan barang bukti merupakan bagian dari pelaksanaan putusan pengadilan sekaligus untuk mencegah barang bukti kembali disalahgunakan.

“Pemusnahan barang bukti memiliki tujuan utama untuk memastikan barang rampasan atau bukti kejahatan dimusnahkan sehingga mengurangi terjadinya penyalahgunaan kembali,” jelasnya.

Pelibatan pelajar dalam kegiatan tersebut, lanjut Medie, merupakan bagian dari edukasi hukum sekaligus tindak lanjut program Jaksa Masuk Sekolah. Kejaksaan berharap sinergi dengan Pemkab Tabanan dapat terus diperkuat sehingga edukasi hukum dan pencegahan narkotika dapat menjangkau lebih banyak sekolah. Kegiatan kemudian dilanjutkan dengan pemusnahan barang bukti dan penandatanganan berita acara pemusnahan.(MBP/r)",bali prawara,"Dajan Peken, 82114, Tabanan, Tabanan, Bali, Indonesia",-8.536609490935,115.13552944186335,5,"2, 7","kejaksaan, kejatibali, kejaritabanan, tabanan, news"
38 Barang Bukti Dimusnahkan Wabup Dirga Tegaskan Bahaya Narkoba bagi Pelajar,2026-10-07T07:00:07.000Z,"Kabupaten Tabanan, Bali, Indonesia","38 Barang Bukti Dimusnahkan, Wabup Dirga Tegaskan Bahaya Narkoba bagi Pelajar - Bali Tribune","Bali Tribune / pemusnahan barang bukti oleh Kejaksaan Negeri Tabanan di Kantor Kejaksaan Negeri Tabanan, Rabu, (7/10/2026)

balitribune.co.id | Tabanan - Sebanyak 38 perkara tindak pidana umum yang telah berkekuatan hukum tetap (inkracht) menjadi dasar pemusnahan barang bukti oleh Kejaksaan Negeri Tabanan pada Semester II Tahun 2026 dan 25 perkara merupakan tindak pidana narkotika. Kegiatan yang berlangsung di Kantor Kejaksaan Negeri Tabanan, Rabu, (7/10/2026), dihadiri Wakil Bupati Tabanan I Made Dirga, mewakili Bupati Tabanan, serta turut disaksikan para pelajar sebagai bagian dari edukasi hukum dan upaya pencegahan penyalahgunaan narkotika sejak dini.","Hadir pula Kapolres Tabanan, Wakil Ketua DPRD Kabupaten Tabanan, Ketua Pengadilan Negeri Tabanan yang diwakili Kasi Intel, Kepala Kejaksaan Negeri Tabanan, Dandim Distrik Militer 1619 Tabanan dan Kepala Kesbangpol Kabupaten Tabanan. Kegiatan ini juga mengajak para pelajar dan pendidik yakni guru dan siswa dari SMA Negeri 1 Kediri, SMP Negeri 1 Kediri, dan SMP Negeri 2 Tabanan.","Pada Hari Rabu , 7 Oktober 2026 07:00, Tabanan, Tabanan, Bali

Bali Tribune / pemusnahan barang bukti oleh Kejaksaan Negeri Tabanan di Kantor Kejaksaan Negeri Tabanan, Rabu, (7/10/2026)

balitribune.co.id | Tabanan - Sebanyak 38 perkara tindak pidana umum yang telah berkekuatan hukum tetap (inkracht) menjadi dasar pemusnahan barang bukti oleh Kejaksaan Negeri Tabanan pada Semester II Tahun 2026 dan 25 perkara merupakan tindak pidana narkotika. Kegiatan yang berlangsung di Kantor Kejaksaan Negeri Tabanan, Rabu, (7/10/2026), dihadiri Wakil Bupati Tabanan I Made Dirga, mewakili Bupati Tabanan, serta turut disaksikan para pelajar sebagai bagian dari edukasi hukum dan upaya pencegahan penyalahgunaan narkotika sejak dini.

Hadir pula Kapolres Tabanan, Wakil Ketua DPRD Kabupaten Tabanan, Ketua Pengadilan Negeri Tabanan yang diwakili Kasi Intel, Kepala Kejaksaan Negeri Tabanan, Dandim Distrik Militer 1619 Tabanan dan Kepala Kesbangpol Kabupaten Tabanan. Kegiatan ini juga mengajak para pelajar dan pendidik yakni guru dan siswa dari SMA Negeri 1 Kediri, SMP Negeri 1 Kediri, dan SMP Negeri 2 Tabanan.

Wabup Dirga, yang juga selaku Ketua BNK Tabanan, mengingatkan para pelajar agar tidak mudah terpengaruh lingkungan maupun iming-iming yang dapat menjerumuskan pada penyalahgunaan narkotika. Menurutnya, usia remaja merupakan fase dengan rasa ingin tahu yang tinggi sehingga perlu dibekali pemahaman untuk mampu memilah dan menolak hal-hal yang berisiko.

“Adik-adik ini berada pada usia yang rasa ingin tahunya tinggi. Jangan sampai keinginan untuk mencoba justru membawa pada hal yang salah. Kalau ada teman yang terindikasi terlibat narkoba, jangan didiamkan, informasikan kepada BNK Tabanan karena kita juga memiliki upaya rehabilitasi,” tegas Dirga.

Selain itu, Ia juga mengajak para pelajar membangun kerja sama dengan pemerintah, BNK Tabanan, serta aparat penegak hukum dalam mencegah penyalahgunaan narkotika. Ia menyebut, BNK Tabanan bersama sejumlah lembaga terkait terus melakukan sosialisasi ke sekolah-sekolah di Kabupaten Tabanan sebagai langkah memperkuat kesadaran generasi muda.

“Kami mohon kerja samanya, jangan sampai memakai dan jangan ragu menginformasikan apabila ada hal-hal yang berkaitan dengan narkoba. BNK Tabanan akan terus melakukan sosialisasi dan pencegahan di sekolah-sekolah di seluruh Tabanan,” ujarnya.

Sementara itu, Kepala Kejaksaan Negeri Tabanan Medie, S.H., M.H., menjelaskan, selain 25 perkara narkotika, barang bukti yang dimusnahkan berasal dari 7 perkara pencurian, 3 perkara kesusilaan, 2 perkara penipuan/penggelapan, serta 1 perkara karantina hewan. Kajari menegaskan, pemusnahan merupakan bagian dari pelaksanaan putusan pengadilan sekaligus upaya mencegah barang bukti kembali disalahgunakan.

“Pemusnahan barang bukti memiliki tujuan utama untuk memastikan barang rampasan atau bukti kejahatan dimusnahkan sehingga mengurangi terjadinya penyalahgunaan kembali, sehingga dapat mewujudkan akuntabilitas dan keterbukaan informasi kepada publik,” tegas Medie.

Ia juga menyampaikan, pelibatan pelajar menjadi bagian dari edukasi mengenai bahaya narkotika sekaligus tindak lanjut program Jaksa Masuk Sekolah. Ia berharap sinergi dengan Pemerintah Kabupaten Tabanan dapat terus diperkuat sehingga penerangan hukum dan edukasi pencegahan narkotika dapat menjangkau lebih banyak sekolah. Kegiatan kemudian dilanjutkan dengan pemusnahan barang bukti, serta penandatanganan berita acara pemusnahan.",Bali Tribune,"Dajan Peken, 82114, Tabanan, Tabanan, Bali, Indonesia",-8.536609490935,115.13552944186335,5,"2, 7","kejaksaan, kejatibali, kejaritabanan, tabanan, news"
DLH Tabanan Evaluasi 12 TPS3R Tidak Beroperasi,2026-10-07T01:30:21.000Z,"Kabupaten Tabanan, Bali, Indonesia",DLH Tabanan Evaluasi 12 TPS3R Tidak Beroperasi - Bali Tribune,"Bali Tribune / MEMILAH - Petugas di TPS3R Sadu Kencana di Desa Dauh Peken, Kecamatan Tabanan terlihat sedang memilah atau menyortir sampah yang masuk

balitribune.co.id | Tabanan - Dinas Lingkungan Hidup (DLH) Tabanan menerjunkan tim untuk mengevaluasi dan memetakan penyebab tidak beroperasinya 12 unit Tempat Pengolahan Sampah Reduce, Reuse, Recycle (TPS3R). Pemetaan khusus tersebut dilakukan lantaran hampir sepertiga dari total 44 unit TPS3R yang tersebar di wilayah Tabanan saat ini dalam kondisi terhenti operasionalnya.","Hasil evaluasinya beragam. Ada yang terkendala tata kelola manajerial, teknis operasional, hingga kelengkapan sarana pendukung.","Pada Hari Rabu , 7 Oktober 2026 01:30, Tabanan, Tabanan, Bali

Bali Tribune / MEMILAH - Petugas di TPS3R Sadu Kencana di Desa Dauh Peken, Kecamatan Tabanan terlihat sedang memilah atau menyortir sampah yang masuk

balitribune.co.id | Tabanan - Dinas Lingkungan Hidup (DLH) Tabanan menerjunkan tim untuk mengevaluasi dan memetakan penyebab tidak beroperasinya 12 unit Tempat Pengolahan Sampah Reduce, Reuse, Recycle (TPS3R).

Pemetaan khusus tersebut dilakukan lantaran hampir sepertiga dari total 44 unit TPS3R yang tersebar di wilayah Tabanan saat ini dalam kondisi terhenti operasionalnya. Hasil evaluasinya beragam. Ada yang terkendala tata kelola manajerial, teknis operasional, hingga kelengkapan sarana pendukung.

Kepala DLH Tabanan I Made Surya Dharma menegaskan pentingnya peninjauan fisik secara rinci ke setiap lokasi guna mengidentifikasi akar persoalan utama di lapangan.

“Kami perlu melihat kondisi masing-masing TPS3R secara langsung. Dari sana akan diketahui apakah persoalannya menyangkut pengelolaan, operasional, fasilitas, atau faktor lainnya,” ujar Surya Dharma pada Senin (5/10/2026).

Sejauh ini, sebanyak 32 unit TPS3R di Tabanan tercatat masih aktif mengolah limbah rumah tangga maupun area komersial sebelum dibuang ke tempat pemrosesan akhir. DLH menekankan bahwa keberadaan sarana tersebut tidak boleh sekadar menjadi bangunan fisik tanpa memberikan dampak pengurangan volume sampah secara konsisten.

Hasil pemetaan menyeluruh nantinya akan dijadikan pijakan utama bagi pemerintah daerah dalam merumuskan bentuk intervensi maupun bantuan pembenahan.

“Setelah kondisi dan kendalanya terpetakan, kami bisa menentukan langkah yang paling sesuai. Tidak semua TPS3R tentu membutuhkan penanganan yang sama,” katanya.

Salah satu wacana yang kini tengah dikaji yakni mengubah fungsi fasilitas yang sulit dipulihkan menjadi titik penampungan sementara atau dropping point. Sementara itu, keberlanjutan operasional 32 unit TPS3R yang masih aktif saat ini ditopang melalui penarikan iuran secara rutin dari para pelanggan rumah tangga dan pelaku usaha lokal.

Besarnya potensi pemilahan dari sumber tercermin pada kinerja TPS3R Sadu Kencana di Desa Dauh Peken, Kecamatan Tabanan. Sepanjang Januari hingga Agustus 2026, unit pengolahan tersebut sukses memilah 449,8 ton sampah yang bersumber dari 609 pelanggan, empat rumah sakit, serta sepuluh Satuan Pelayanan Pemenuhan Gizi (SPPG).

Surya Dharma menilai capaian pengolahan ratusan ton limbah di Desa Dauh Peken menjadi bukti nyata bahwa keberadaan TPS3R sangat efektif memangkas beban pemrosesan akhir jika dikelola secara teratur.

“Angka pengelolaan di TPS3R Sadu Kencana menunjukkan bahwa ketika sistem berjalan, jumlah sampah yang bisa ditangani dari sumber cukup besar,” ungkapnya.

Untuk memastikan keberlanjutan sistem pengolahan berbasis komunitas tersebut, DLH Tabanan juga bakal menguji ulang kelayakan seluruh sarana prasarana penunjang di 44 lokasi.

Pendataan fisik tersebut ditujukan untuk memetakan prioritas bantuan alat kerja dan fasilitas pendukung. “Kami akan melakukan pendataan ulang sehingga memiliki gambaran yang lebih lengkap mengenai kondisi setiap TPS3R. Dengan data itu, pembinaan dan penanganannya bisa lebih tepat,” pungkas Surya Dharma.",Bali Tribune,"Dajan Peken, 82114, Tabanan, Tabanan, Bali, Indonesia",-8.536609490935,115.13552944186335,5,"2, 7","kejaksaan, kejatibali, kejaritabanan, tabanan, news"
Overstay 398 Hari WN Belanda Diusir dari Bali,2026-10-07T09:31:47.000Z,"Kabupaten Tabanan, Bali, Indonesia","Overstay 398 Hari, WN Belanda Diusir dari Bali - detikcom","Warga negara (WN) Belanda inisial SK diusir alias dideportasi dari Bali setelah terbukti overstay selama 398 hari. Pendeportasian dilakukan Kantor Imigrasi Kelas III Non TPI Tabanan melalui Bandara Internasional I Gusti Ngurah Rai, Badung, Rabu (2/10/2026).",SK overstay di Bali ratusan hari lantaran lalai mengurus dokumen keimigrasian. Ia sempat dua kali tertinggal pesawat akibat ketiduran hingga mengalami masalah kesehatan.,"Pada Hari Rabu , 7 Oktober 2026 09:31, Tabanan, Tabanan, Bali

Warga negara (WN) Belanda inisial SK diusir alias dideportasi dari Bali setelah terbukti overstay selama 398 hari. Pendeportasian dilakukan Kantor Imigrasi Kelas III Non TPI Tabanan melalui Bandara Internasional I Gusti Ngurah Rai, Badung, Rabu (2/10/2026).

SK overstay di Bali ratusan hari lantaran lalai mengurus dokumen keimigrasian. Ia sempat dua kali tertinggal pesawat akibat ketiduran hingga mengalami masalah kesehatan.

SCROLL TO CONTINUE WITH CONTENT

Pengungkapan kasus ini bermula dari aduan masyarakat di Banjar Bedha, Desa Bongan, Tabanan. Laporan itu lantas ditindaklanjuti Seksi Intelijen dan Penindakan Keimigrasian Kantor Imigrasi Tabanan.

Hasil pemeriksaan, izin tinggal SK telah habis sejak 29 April 2025. Atas pelanggaran tersebut, SK dikenakan sanksi deportasi dan penangkalan sesuai Pasal 78 ayat (3) Undang-Undang Nomor 6 Tahun 2011 sebagaimana diubah dengan Undang-Undang Nomor 63 Tahun 2024 tentang Keimigrasian.

ADVERTISEMENT

Kepala Kantor Wilayah (Kakanwil) Direktorat Jenderal Imigrasi Bali, Ramdhani, menegaskan penindakan tegas ini merupakan wujud nyata pelaksanaan amanat Direktur Jenderal (Dirjen) Imigrasi.

""Sesuai dengan arahan dan amanat Direktur Jenderal Imigrasi bahwa 'Imigrasi untuk Rakyat', kami di jajaran Kanwil Imigrasi Bali berkomitmen penuh menjaga kedaulatan negara, ketertiban umum, serta memberikan rasa aman bagi masyarakat,"" ujar Ramdhani melalui siaran pers, Rabu (7/10/2026).

""Pengawasan dan penegakan hukum keimigrasian akan terus kami perketat. Kami tidak akan bertoleransi terhadap WNA yang melanggar aturan demi melindungi kepentingan rakyat dan maruah bangsa,"" imbuh Ramdhani.

Kantor Imigrasi Tabanan turut mengapresiasi peran aktif masyarakat yang memberikan informasi terkait keberadaan warga negara asing (WNA) bermasalah. Sinergi antara masyarakat dan imigrasi ini menjadi kunci utama terciptanya penegakan hukum keimigrasian yang cepat, responsif, dan akuntabel.",detikcom,"Dajan Peken, 82114, Tabanan, Tabanan, Bali, Indonesia",-8.536609490935,115.13552944186335,5,"2, 7","kejaksaan, kejatibali, kejaritabanan, tabanan, news"
Terima hibah tanah dari KPK Bupati Tabanan optimalisasi aset untuk kepentingan masyarakat,2026-10-06T13:47:04.000Z,"Kabupaten Tabanan, Bali, Indonesia","Terima hibah tanah dari KPK, Bupati Tabanan optimalisasi aset untuk kepentingan masyarakat - ANTARA News Bali","Bupati Tabanan I Komang Gede Sanjaya menghadiri kegiatan serah terima Barang Milik Negara (BMN) eks barang rampasan Negara dari Komisi Pemberantasan Korupsi (KPK) RI kepada Pemerintah Kabupaten Tabanan, di Graha Sewaka Dharma Gedung Pelayanan Publik Pemkot Denpasar, Selasa. Dalam acara tersebut, Pemkab Tabanan menerima hibah berupa tanah seluas 2.000 meter persegi yang berlokasi di Desa Marga.","Bupati Tabanan Sanjaya menyampaikan apresiasi dan terima kasih kepada KPK atas kepercayaan yang diberikan kepada Pemerintah Kabupaten Tabanan melalui hibah tanah tersebut. Hibah tersebut bukan sekadar proses administrasi, tetapi menjadi wujud sinergi dan kolaborasi antara lembaga penegak hukum dengan pemerintah daerah dalam mengoptimalkan aset negara untuk mendukung pembangunan dan pelayanan kepada masyarakat.","Pada Hari Selasa , 6 Oktober 2026 13:47, Tabanan, Tabanan, Bali

Bupati Tabanan I Komang Gede Sanjaya menghadiri kegiatan serah terima Barang Milik Negara (BMN) eks barang rampasan Negara dari Komisi Pemberantasan Korupsi (KPK) RI kepada Pemerintah Kabupaten Tabanan, di Graha Sewaka Dharma Gedung Pelayanan Publik Pemkot Denpasar, Selasa.

Dalam acara tersebut, Pemkab Tabanan menerima hibah berupa tanah seluas 2.000 meter persegi yang berlokasi di Desa Marga.

Bupati Tabanan Sanjaya menyampaikan apresiasi dan terima kasih kepada KPK atas kepercayaan yang diberikan kepada Pemerintah Kabupaten Tabanan melalui hibah tanah tersebut.

Hibah tersebut bukan sekadar proses administrasi, tetapi menjadi wujud sinergi dan kolaborasi antara lembaga penegak hukum dengan pemerintah daerah dalam mengoptimalkan aset negara untuk mendukung pembangunan dan pelayanan kepada masyarakat.



“Kami atas nama Pemerintah Daerah dan seluruh masyarakat Kabupaten Tabanan menyampaikan terima kasih dan apresiasi kepada Komisi Pemberantasan Korupsi Republik Indonesia yang telah memberikan kami hibah tanah seluas 2.000 meter persegi di Desa Marga. Bagi kami, ini merupakan wujud nyata kepercayaan besar dari KPK kepada Pemerintah Kabupaten Tabanan yang sangat kami syukuri,” ujar Sanjaya.



Bupati Tabanan Gede Sanjaya menjelaskan, aset yang diterima akan dikelola secara optimal agar memberikan nilai tambah bagi daerah.

Dengan karakteristik Tabanan sebagai salah satu daerah dengan potensi pertanian yang besar, melihat lahan tersebut memiliki peluang untuk dikembangkan sebagai bagian dari penguatan sektor pertanian yang saat ini terus didorong Pemerintah Kabupaten Tabanan. Hal tersebut sejalan dengan upaya menjaga produktivitas pangan sekaligus memperkuat ketahanan pangan daerah.



Optimalisasi aset menjadi hal penting dalam mendukung pembangunan daerah, terlebih Kabupaten Tabanan memiliki ruang fiskal yang terbatas.

Melalui pengelolaan aset yang terdata dan terukur, aset daerah yang belum produktif akan terus diupayakan agar dapat memberikan nilai dan manfaat, baik melalui pengelolaan secara mandiri maupun kerja sama dengan pihak ketiga sesuai dengan ketentuan yang berlaku.



""Kami berkomitmen mengelola, merawat dan memaksimalkan seluruh aset hibah ini. Kami sampaikan untuk memastikan kepercayaan besar yang telah diberikan dapat kami jawab dengan sebuah langkah nyata untuk memastikan Tabanan Era Baru, Tabanan yang aman, unggul, madani (AUM) dapat kami wujudkan,” kata Sanjaya.

Bupati Tabanan Gede Sanjaya berharap momentum serah terima tersebut semakin memperkuat tata kelola pemerintahan yang bersih, transparan dan berorientasi pada kepentingan masyarakat.

Pihaknya juga menyampaikan terima kasih kepada KPK RI serta seluruh pihak yang telah mendukung proses hibah tersebut dan berkomitmen menjaga dan memanfaatkan aset secara bertanggung jawab untuk mendukung pembangunan dan kesejahteraan masyarakat Tabanan.



Sementara, Direktur Pelacakan Aset, Pengelolaan Barang Bukti dan Eksekusi KPK, Mungki Hadipratikto menjelaskan barang rampasan negara pada prinsipnya terlebih dahulu diupayakan melalui mekanisme lelang.

Apabila tidak laku dilelang atau terdapat kepentingan penyelenggaraan pemerintahan, aset tersebut dapat dikelola melalui mekanisme lain sesuai ketentuan, salah satunya melalui pemindahtanganan kepada pemerintah daerah.

Langkah tersebut diharapkan dapat memastikan aset negara tetap memberikan manfaat seluas-luasnya bagi masyarakat.

Pewarta: Pande Yudha



Editor : Ardi Irawan

2026

COPYRIGHT © ANTARA News Bali",ANTARA News Bali,"Dajan Peken, 82114, Tabanan, Tabanan, Bali, Indonesia",-8.536609490935,115.13552944186335,5,"2, 7","kejaksaan, kejatibali, kejaritabanan, tabanan, news"
Dijual Rumah 2 Lantai Murah Dibawah Pasaran Free Renovasi di Aditya Sentana Residence Tabanan Bali,2026-10-07T02:30:08.000Z,"Kabupaten Tabanan, Bali, Indonesia",Dijual Rumah 2 Lantai Murah Dibawah Pasaran Free Renovasi di Aditya Sentana Residence Tabanan Bali - Rumah123,"Kebijakan Rumah123

Dengan klik tombol kontak, Pengguna setuju dengan Syarat Pengguna dan Kebijakan Privasi

Informasi Properti

Informasi properti yang disajikan sepenuhnya merupakan tanggung jawab pengiklan. Pengguna disarankan untuk melakukan verifikasi dengan pengiklan sebelum mengambil keputusan.",,"Pada Hari Rabu , 7 Oktober 2026 02:30, Tabanan, Tabanan, Bali

Kebijakan Rumah123

Dengan klik tombol kontak, Pengguna setuju dengan Syarat Pengguna dan Kebijakan Privasi

Informasi Properti

Informasi properti yang disajikan sepenuhnya merupakan tanggung jawab pengiklan. Pengguna disarankan untuk melakukan verifikasi dengan pengiklan sebelum mengambil keputusan.",Rumah123,"Dajan Peken, 82114, Tabanan, Tabanan, Bali, Indonesia",-8.536609490935,115.13552944186335,5,"2, 7","kejaksaan, kejatibali, kejaritabanan, tabanan, news"
